,col_name,Label,Sample Name,formula,name
0,16424.1246934,C13_92.0_92.0,T. [13C-glc] G7 30min,C3H5O3,Lactate 92/92
1,15620.8311334,C13_92.0_92.0,T. [13C-glc] G7 30min,C3H5O3,Lactate 92/92
2,11738.2591934,C13_92.0_92.0,T. [13C-glc] G7 30min,C3H5O3,Lactate 92/92
3,15602.0655534,C13_92.0_92.0,T. [13C-glc] G7 30min,C3H5O3,Lactate 92/92
4,17627.6530534,C13_92.0_92.0,T. [13C-glc] G7 30min,C3H5O3,Lactate 92/92
5,17769.9280534,C13_92.0_92.0,T. [13C-glc] G7 30min,C3H5O3,Lactate 92/92
6,0.0530533547351,C13_92.0_92.0,Q. [13C-glc] G7 0min,C3H5O3,Lactate 92/92
7,0.0530533547351,C13_92.0_92.0,Q. [13C-glc] G7 0min,C3H5O3,Lactate 92/92
8,0.0530533547351,C13_92.0_92.0,Q. [13C-glc] G7 0min,C3H5O3,Lactate 92/92
9,0.0530533547351,C13_92.0_92.0,Q. [13C-glc] G7 0min,C3H5O3,Lactate 92/92
10,0.0530533547351,C13_92.0_92.0,Q. [13C-glc] G7 0min,C3H5O3,Lactate 92/92
11,0.0530533547351,C13_92.0_92.0,Q. [13C-glc] G7 0min,C3H5O3,Lactate 92/92
0,14.4690967459,C13_91.0_91.0,T. [13C-glc] G7 30min,C3H5O3,Lactate 91/91
1,922.031596746,C13_91.0_91.0,T. [13C-glc] G7 30min,C3H5O3,Lactate 91/91
2,14.4690967459,C13_91.0_91.0,T. [13C-glc] G7 30min,C3H5O3,Lactate 91/91
3,14.4690967459,C13_91.0_91.0,T. [13C-glc] G7 30min,C3H5O3,Lactate 91/91
4,14.4690967459,C13_91.0_91.0,T. [13C-glc] G7 30min,C3H5O3,Lactate 91/91
5,14.4690967459,C13_91.0_91.0,T. [13C-glc] G7 30min,C3H5O3,Lactate 91/91
6,14.4690967459,C13_91.0_91.0,Q. [13C-glc] G7 0min,C3H5O3,Lactate 91/91
7,14.4690967459,C13_91.0_91.0,Q. [13C-glc] G7 0min,C3H5O3,Lactate 91/91
8,14.4690967459,C13_91.0_91.0,Q. [13C-glc] G7 0min,C3H5O3,Lactate 91/91
9,14.4690967459,C13_91.0_91.0,Q. [13C-glc] G7 0min,C3H5O3,Lactate 91/91
10,14.4690967459,C13_91.0_91.0,Q. [13C-glc] G7 0min,C3H5O3,Lactate 91/91
11,14.4690967459,C13_91.0_91.0,Q. [13C-glc] G7 0min,C3H5O3,Lactate 91/91
0,1114.25685474,C13_90.0_90.0,T. [13C-glc] G7 30min,C3H5O3,Lactate 90/90
1,658.72112574,C13_90.0_90.0,T. [13C-glc] G7 30min,C3H5O3,Lactate 90/90
2,0.0,C13_90.0_90.0,T. [13C-glc] G7 30min,C3H5O3,Lactate 90/90
3,910.78280774,C13_90.0_90.0,T. [13C-glc] G7 30min,C3H5O3,Lactate 90/90
4,0.0,C13_90.0_90.0,T. [13C-glc] G7 30min,C3H5O3,Lactate 90/90
5,643.21858774,C13_90.0_90.0,T. [13C-glc] G7 30min,C3H5O3,Lactate 90/90
6,1008.20431974,C13_90.0_90.0,Q. [13C-glc] G7 0min,C3H5O3,Lactate 90/90
7,453.01681974,C13_90.0_90.0,Q. [13C-glc] G7 0min,C3H5O3,Lactate 90/90
8,1545.02979774,C13_90.0_90.0,Q. [13C-glc] G7 0min,C3H5O3,Lactate 90/90
9,317.97931974,C13_90.0_90.0,Q. [13C-glc] G7 0min,C3H5O3,Lactate 90/90
10,0.0,C13_90.0_90.0,Q. [13C-glc] G7 0min,C3H5O3,Lactate 90/90
11,1056.82211374,C13_90.0_90.0,Q. [13C-glc] G7 0min,C3H5O3,Lactate 90/90
0,70970.31561,C13_147.0_129.0,T. [13C-glc] G7 30min,C5H6NO3,Glutamate 147/129
1,222841.15711,C13_147.0_129.0,T. [13C-glc] G7 30min,C5H6NO3,Glutamate 147/129
2,115011.03161,C13_147.0_129.0,T. [13C-glc] G7 30min,C5H6NO3,Glutamate 147/129
3,172903.50711,C13_147.0_129.0,T. [13C-glc] G7 30min,C5H6NO3,Glutamate 147/129
4,159037.24011,C13_147.0_129.0,T. [13C-glc] G7 30min,C5H6NO3,Glutamate 147/129
5,201918.85661,C13_147.0_129.0,T. [13C-glc] G7 30min,C5H6NO3,Glutamate 147/129
6,70205.14861,C13_147.0_129.0,Q. [13C-glc] G7 0min,C5H6NO3,Glutamate 147/129
7,239147.07361,C13_147.0_129.0,Q. [13C-glc] G7 0min,C5H6NO3,Glutamate 147/129
8,161217.11611,C13_147.0_129.0,Q. [13C-glc] G7 0min,C5H6NO3,Glutamate 147/129
9,205900.22411,C13_147.0_129.0,Q. [13C-glc] G7 0min,C5H6NO3,Glutamate 147/129
10,208851.35661,C13_147.0_129.0,Q. [13C-glc] G7 0min,C5H6NO3,Glutamate 147/129
11,231572.11561,C13_147.0_129.0,Q. [13C-glc] G7 0min,C5H6NO3,Glutamate 147/129
0,19766.8912078,C13_151.0_133.0,T. [13C-glc] G7 30min,C5H6NO3,Glutamate 151/133
1,33759.6667078,C13_151.0_133.0,T. [13C-glc] G7 30min,C5H6NO3,Glutamate 151/133
2,23362.5332078,C13_151.0_133.0,T. [13C-glc] G7 30min,C5H6NO3,Glutamate 151/133
3,33250.3422078,C13_151.0_133.0,T. [13C-glc] G7 30min,C5H6NO3,Glutamate 151/133
4,35304.5177078,C13_151.0_133.0,T. [13C-glc] G7 30min,C5H6NO3,Glutamate 151/133
5,40693.1332078,C13_151.0_133.0,T. [13C-glc] G7 30min,C5H6NO3,Glutamate 151/133
6,0.0,C13_151.0_133.0,Q. [13C-glc] G7 0min,C5H6NO3,Glutamate 151/133
7,0.000707805775505,C13_151.0_133.0,Q. [13C-glc] G7 0min,C5H6NO3,Glutamate 151/133
8,0.0,C13_151.0_133.0,Q. [13C-glc] G7 0min,C5H6NO3,Glutamate 151/133
9,0.0,C13_151.0_133.0,Q. [13C-glc] G7 0min,C5H6NO3,Glutamate 151/133
10,0.0,C13_151.0_133.0,Q. [13C-glc] G7 0min,C5H6NO3,Glutamate 151/133
11,0.0,C13_151.0_133.0,Q. [13C-glc] G7 0min,C5H6NO3,Glutamate 151/133
0,46393.2294515,C13_149.0_131.0,T. [13C-glc] G7 30min,C5H6NO3,Glutamate 149/131
1,89146.6139515,C13_149.0_131.0,T. [13C-glc] G7 30min,C5H6NO3,Glutamate 149/131
2,46396.9214515,C13_149.0_131.0,T. [13C-glc] G7 30min,C5H6NO3,Glutamate 149/131
3,76175.2454515,C13_149.0_131.0,T. [13C-glc] G7 30min,C5H6NO3,Glutamate 149/131
4,61031.6139515,C13_149.0_131.0,T. [13C-glc] G7 30min,C5H6NO3,Glutamate 149/131
5,92738.2714515,C13_149.0_131.0,T. [13C-glc] G7 30min,C5H6NO3,Glutamate 149/131
6,0.0,C13_149.0_131.0,Q. [13C-glc] G7 0min,C5H6NO3,Glutamate 149/131
7,0.0,C13_149.0_131.0,Q. [13C-glc] G7 0min,C5H6NO3,Glutamate 149/131
8,0.0,C13_149.0_131.0,Q. [13C-glc] G7 0min,C5H6NO3,Glutamate 149/131
9,50.5464514667,C13_149.0_131.0,Q. [13C-glc] G7 0min,C5H6NO3,Glutamate 149/131
10,0.0,C13_149.0_131.0,Q. [13C-glc] G7 0min,C5H6NO3,Glutamate 149/131
11,0.0,C13_149.0_131.0,Q. [13C-glc] G7 0min,C5H6NO3,Glutamate 149/131
0,65855.8627299,C13_150.0_132.0,T. [13C-glc] G7 30min,C5H6NO3,Glutamate 150/132
1,100262.59673,C13_150.0_132.0,T. [13C-glc] G7 30min,C5H6NO3,Glutamate 150/132
2,61879.2132299,C13_150.0_132.0,T. [13C-glc] G7 30min,C5H6NO3,Glutamate 150/132
3,90888.7627299,C13_150.0_132.0,T. [13C-glc] G7 30min,C5H6NO3,Glutamate 150/132
4,81516.4877299,C13_150.0_132.0,T. [13C-glc] G7 30min,C5H6NO3,Glutamate 150/132
5,109633.82073,C13_150.0_132.0,T. [13C-glc] G7 30min,C5H6NO3,Glutamate 150/132
6,0.0,C13_150.0_132.0,Q. [13C-glc] G7 0min,C5H6NO3,Glutamate 150/132
7,0.32172989796,C13_150.0_132.0,Q. [13C-glc] G7 0min,C5H6NO3,Glutamate 150/132
8,0.0,C13_150.0_132.0,Q. [13C-glc] G7 0min,C5H6NO3,Glutamate 150/132
9,0.0,C13_150.0_132.0,Q. [13C-glc] G7 0min,C5H6NO3,Glutamate 150/132
10,0.0,C13_150.0_132.0,Q. [13C-glc] G7 0min,C5H6NO3,Glutamate 150/132
11,0.0,C13_150.0_132.0,Q. [13C-glc] G7 0min,C5H6NO3,Glutamate 150/132
0,344543.760428,C13_148.0_130.0,T. [13C-glc] G7 30min,C5H6NO3,Glutamate 148/130
1,725185.635428,C13_148.0_130.0,T. [13C-glc] G7 30min,C5H6NO3,Glutamate 148/130
2,434690.719428,C13_148.0_130.0,T. [13C-glc] G7 30min,C5H6NO3,Glutamate 148/130
3,620437.235428,C13_148.0_130.0,T. [13C-glc] G7 30min,C5H6NO3,Glutamate 148/130
4,522090.726928,C13_148.0_130.0,T. [13C-glc] G7 30min,C5H6NO3,Glutamate 148/130
5,723268.868928,C13_148.0_130.0,T. [13C-glc] G7 30min,C5H6NO3,Glutamate 148/130
6,0.0,C13_148.0_130.0,Q. [13C-glc] G7 0min,C5H6NO3,Glutamate 148/130
7,0.0,C13_148.0_130.0,Q. [13C-glc] G7 0min,C5H6NO3,Glutamate 148/130
8,0.0,C13_148.0_130.0,Q. [13C-glc] G7 0min,C5H6NO3,Glutamate 148/130
9,0.0,C13_148.0_130.0,Q. [13C-glc] G7 0min,C5H6NO3,Glutamate 148/130
10,4741.9029284,C13_148.0_130.0,Q. [13C-glc] G7 0min,C5H6NO3,Glutamate 148/130
11,3328.4194284,C13_148.0_130.0,Q. [13C-glc] G7 0min,C5H6NO3,Glutamate 148/130
0,4012.70071637,C13_89.0_89.0,T. [13C-glc] G7 30min,C3H3O3,Pyruvate 89/89
1,2156.28263437,C13_89.0_89.0,T. [13C-glc] G7 30min,C3H3O3,Pyruvate 89/89
2,1176.46732438,C13_89.0_89.0,T. [13C-glc] G7 30min,C3H3O3,Pyruvate 89/89
3,5666.69086537,C13_89.0_89.0,T. [13C-glc] G7 30min,C3H3O3,Pyruvate 89/89
4,4013.44971437,C13_89.0_89.0,T. [13C-glc] G7 30min,C3H3O3,Pyruvate 89/89
5,4764.37221438,C13_89.0_89.0,T. [13C-glc] G7 30min,C3H3O3,Pyruvate 89/89
6,0.0,C13_89.0_89.0,Q. [13C-glc] G7 0min,C3H3O3,Pyruvate 89/89
7,0.0,C13_89.0_89.0,Q. [13C-glc] G7 0min,C3H3O3,Pyruvate 89/89
8,62.453106375,C13_89.0_89.0,Q. [13C-glc] G7 0min,C3H3O3,Pyruvate 89/89
9,0.0,C13_89.0_89.0,Q. [13C-glc] G7 0min,C3H3O3,Pyruvate 89/89
10,0.0,C13_89.0_89.0,Q. [13C-glc] G7 0min,C3H3O3,Pyruvate 89/89
11,0.0,C13_89.0_89.0,Q. [13C-glc] G7 0min,C3H3O3,Pyruvate 89/89
0,132946.792295,C13_90.0_90.0,T. [13C-glc] G7 30min,C3H3O3,Pyruvate 90/90
1,149505.428995,C13_90.0_90.0,T. [13C-glc] G7 30min,C3H3O3,Pyruvate 90/90
2,85101.6611147,C13_90.0_90.0,T. [13C-glc] G7 30min,C3H3O3,Pyruvate 90/90
3,127534.686195,C13_90.0_90.0,T. [13C-glc] G7 30min,C3H3O3,Pyruvate 90/90
4,158352.417395,C13_90.0_90.0,T. [13C-glc] G7 30min,C3H3O3,Pyruvate 90/90
5,163572.791595,C13_90.0_90.0,T. [13C-glc] G7 30min,C3H3O3,Pyruvate 90/90
6,0.0,C13_90.0_90.0,Q. [13C-glc] G7 0min,C3H3O3,Pyruvate 90/90
7,0.0,C13_90.0_90.0,Q. [13C-glc] G7 0min,C3H3O3,Pyruvate 90/90
8,0.228994723375,C13_90.0_90.0,Q. [13C-glc] G7 0min,C3H3O3,Pyruvate 90/90
9,0.0,C13_90.0_90.0,Q. [13C-glc] G7 0min,C3H3O3,Pyruvate 90/90
10,0.0,C13_90.0_90.0,Q. [13C-glc] G7 0min,C3H3O3,Pyruvate 90/90
11,0.0,C13_90.0_90.0,Q. [13C-glc] G7 0min,C3H3O3,Pyruvate 90/90
0,0.0,C13_88.0_88.0,T. [13C-glc] G7 30min,C3H3O3,Pyruvate 88/88
1,2513.0013267,C13_88.0_88.0,T. [13C-glc] G7 30min,C3H3O3,Pyruvate 88/88
2,0.0,C13_88.0_88.0,T. [13C-glc] G7 30min,C3H3O3,Pyruvate 88/88
3,1804.1758827,C13_88.0_88.0,T. [13C-glc] G7 30min,C3H3O3,Pyruvate 88/88
4,50.8432847,C13_88.0_88.0,T. [13C-glc] G7 30min,C3H3O3,Pyruvate 88/88
5,0.0,C13_88.0_88.0,T. [13C-glc] G7 30min,C3H3O3,Pyruvate 88/88
6,4732.8211267,C13_88.0_88.0,Q. [13C-glc] G7 0min,C3H3O3,Pyruvate 88/88
7,4008.1065777,C13_88.0_88.0,Q. [13C-glc] G7 0min,C3H3O3,Pyruvate 88/88
8,245.4932847,C13_88.0_88.0,Q. [13C-glc] G7 0min,C3H3O3,Pyruvate 88/88
9,5931.4057847,C13_88.0_88.0,Q. [13C-glc] G7 0min,C3H3O3,Pyruvate 88/88
10,6915.6150327,C13_88.0_88.0,Q. [13C-glc] G7 0min,C3H3O3,Pyruvate 88/88
11,4997.8098247,C13_88.0_88.0,Q. [13C-glc] G7 0min,C3H3O3,Pyruvate 88/88
0,3865.60677711,C13_195.0_71.0,T. [13C-glc] G7 30min,C4H3O,Citrate 195/71
1,1875.65709411,C13_195.0_71.0,T. [13C-glc] G7 30min,C4H3O,Citrate 195/71
2,259.551636113,C13_195.0_71.0,T. [13C-glc] G7 30min,C4H3O,Citrate 195/71
3,2813.93979511,C13_195.0_71.0,T. [13C-glc] G7 30min,C4H3O,Citrate 195/71
4,1048.81979511,C13_195.0_71.0,T. [13C-glc] G7 30min,C4H3O,Citrate 195/71
5,4074.73979511,C13_195.0_71.0,T. [13C-glc] G7 30min,C4H3O,Citrate 195/71
6,0.0,C13_195.0_71.0,Q. [13C-glc] G7 0min,C4H3O,Citrate 195/71
7,0.0,C13_195.0_71.0,Q. [13C-glc] G7 0min,C4H3O,Citrate 195/71
8,0.0,C13_195.0_71.0,Q. [13C-glc] G7 0min,C4H3O,Citrate 195/71
9,0.0192901125101,C13_195.0_71.0,Q. [13C-glc] G7 0min,C4H3O,Citrate 195/71
10,0.0,C13_195.0_71.0,Q. [13C-glc] G7 0min,C4H3O,Citrate 195/71
11,0.0,C13_195.0_71.0,Q. [13C-glc] G7 0min,C4H3O,Citrate 195/71
0,56436.6375609,C13_194.0_69.0,T. [13C-glc] G7 30min,C4H3O,Citrate 194/69
1,46649.8608109,C13_194.0_69.0,T. [13C-glc] G7 30min,C4H3O,Citrate 194/69
2,18639.6498309,C13_194.0_69.0,T. [13C-glc] G7 30min,C4H3O,Citrate 194/69
3,48268.6898309,C13_194.0_69.0,T. [13C-glc] G7 30min,C4H3O,Citrate 194/69
4,46503.6298309,C13_194.0_69.0,T. [13C-glc] G7 30min,C4H3O,Citrate 194/69
5,57177.3215609,C13_194.0_69.0,T. [13C-glc] G7 30min,C4H3O,Citrate 194/69
6,168.92983092,C13_194.0_69.0,Q. [13C-glc] G7 0min,C4H3O,Citrate 194/69
7,168.92983092,C13_194.0_69.0,Q. [13C-glc] G7 0min,C4H3O,Citrate 194/69
8,358.04983092,C13_194.0_69.0,Q. [13C-glc] G7 0min,C4H3O,Citrate 194/69
9,729.10916352,C13_194.0_69.0,Q. [13C-glc] G7 0min,C4H3O,Citrate 194/69
10,1025.52895632,C13_194.0_69.0,Q. [13C-glc] G7 0min,C4H3O,Citrate 194/69
11,168.92983092,C13_194.0_69.0,Q. [13C-glc] G7 0min,C4H3O,Citrate 194/69
0,0.0,C13_193.0_67.0,T. [13C-glc] G7 30min,C4H3O,Citrate 193/67
1,0.0,C13_193.0_67.0,T. [13C-glc] G7 30min,C4H3O,Citrate 193/67
2,0.0,C13_193.0_67.0,T. [13C-glc] G7 30min,C4H3O,Citrate 193/67
3,0.0,C13_193.0_67.0,T. [13C-glc] G7 30min,C4H3O,Citrate 193/67
4,0.0,C13_193.0_67.0,T. [13C-glc] G7 30min,C4H3O,Citrate 193/67
5,0.0,C13_193.0_67.0,T. [13C-glc] G7 30min,C4H3O,Citrate 193/67
6,0.0,C13_193.0_67.0,Q. [13C-glc] G7 0min,C4H3O,Citrate 193/67
7,0.0,C13_193.0_67.0,Q. [13C-glc] G7 0min,C4H3O,Citrate 193/67
8,0.0,C13_193.0_67.0,Q. [13C-glc] G7 0min,C4H3O,Citrate 193/67
9,0.0,C13_193.0_67.0,Q. [13C-glc] G7 0min,C4H3O,Citrate 193/67
10,170.92149272,C13_193.0_67.0,Q. [13C-glc] G7 0min,C4H3O,Citrate 193/67
11,0.0,C13_193.0_67.0,Q. [13C-glc] G7 0min,C4H3O,Citrate 193/67
0,56743.3039707,C13_196.0_71.0,T. [13C-glc] G7 30min,C4H3O,Citrate 196/71
1,47413.3439707,C13_196.0_71.0,T. [13C-glc] G7 30min,C4H3O,Citrate 196/71
2,19423.4439707,C13_196.0_71.0,T. [13C-glc] G7 30min,C4H3O,Citrate 196/71
3,52656.9728007,C13_196.0_71.0,T. [13C-glc] G7 30min,C4H3O,Citrate 196/71
4,47035.1039707,C13_196.0_71.0,T. [13C-glc] G7 30min,C4H3O,Citrate 196/71
5,64560.3639707,C13_196.0_71.0,T. [13C-glc] G7 30min,C4H3O,Citrate 196/71
6,0.0207520989355,C13_196.0_71.0,Q. [13C-glc] G7 0min,C4H3O,Citrate 196/71
7,0.0,C13_196.0_71.0,Q. [13C-glc] G7 0min,C4H3O,Citrate 196/71
8,0.0,C13_196.0_71.0,Q. [13C-glc] G7 0min,C4H3O,Citrate 196/71
9,0.0,C13_196.0_71.0,Q. [13C-glc] G7 0min,C4H3O,Citrate 196/71
10,0.0,C13_196.0_71.0,Q. [13C-glc] G7 0min,C4H3O,Citrate 196/71
11,0.0,C13_196.0_71.0,Q. [13C-glc] G7 0min,C4H3O,Citrate 196/71
0,10779.8606815,C13_197.0_71.0,T. [13C-glc] G7 30min,C4H3O,Citrate 197/71
1,8132.1806815,C13_197.0_71.0,T. [13C-glc] G7 30min,C4H3O,Citrate 197/71
2,2836.8206815,C13_197.0_71.0,T. [13C-glc] G7 30min,C4H3O,Citrate 197/71
3,8321.3006815,C13_197.0_71.0,T. [13C-glc] G7 30min,C4H3O,Citrate 197/71
4,12175.5025915,C13_197.0_71.0,T. [13C-glc] G7 30min,C4H3O,Citrate 197/71
5,14071.1453915,C13_197.0_71.0,T. [13C-glc] G7 30min,C4H3O,Citrate 197/71
6,0.0,C13_197.0_71.0,Q. [13C-glc] G7 0min,C4H3O,Citrate 197/71
7,0.0,C13_197.0_71.0,Q. [13C-glc] G7 0min,C4H3O,Citrate 197/71
8,0.0,C13_197.0_71.0,Q. [13C-glc] G7 0min,C4H3O,Citrate 197/71
9,0.0,C13_197.0_71.0,Q. [13C-glc] G7 0min,C4H3O,Citrate 197/71
10,0.020681500619,C13_197.0_71.0,Q. [13C-glc] G7 0min,C4H3O,Citrate 197/71
11,0.0,C13_197.0_71.0,Q. [13C-glc] G7 0min,C4H3O,Citrate 197/71
0,29914.3452657,C13_196.0_70.0,T. [13C-glc] G7 30min,C4H3O,Citrate 196/70
1,28775.2026357,C13_196.0_70.0,T. [13C-glc] G7 30min,C4H3O,Citrate 196/70
2,11044.8465957,C13_196.0_70.0,T. [13C-glc] G7 30min,C4H3O,Citrate 196/70
3,25819.7114257,C13_196.0_70.0,T. [13C-glc] G7 30min,C4H3O,Citrate 196/70
4,28266.5018357,C13_196.0_70.0,T. [13C-glc] G7 30min,C4H3O,Citrate 196/70
5,35373.2005457,C13_196.0_70.0,T. [13C-glc] G7 30min,C4H3O,Citrate 196/70
6,0.0,C13_196.0_70.0,Q. [13C-glc] G7 0min,C4H3O,Citrate 196/70
7,0.0,C13_196.0_70.0,Q. [13C-glc] G7 0min,C4H3O,Citrate 196/70
8,0.0,C13_196.0_70.0,Q. [13C-glc] G7 0min,C4H3O,Citrate 196/70
9,0.0,C13_196.0_70.0,Q. [13C-glc] G7 0min,C4H3O,Citrate 196/70
10,7.52054567968,C13_196.0_70.0,Q. [13C-glc] G7 0min,C4H3O,Citrate 196/70
11,0.0,C13_196.0_70.0,Q. [13C-glc] G7 0min,C4H3O,Citrate 196/70
0,60080.886624,C13_194.0_68.0,T. [13C-glc] G7 30min,C4H3O,Citrate 194/68
1,58460.023765,C13_194.0_68.0,T. [13C-glc] G7 30min,C4H3O,Citrate 194/68
2,55598.222283,C13_194.0_68.0,T. [13C-glc] G7 30min,C4H3O,Citrate 194/68
3,58687.182283,C13_194.0_68.0,T. [13C-glc] G7 30min,C4H3O,Citrate 194/68
4,59254.542283,C13_194.0_68.0,T. [13C-glc] G7 30min,C4H3O,Citrate 194/68
5,61617.603429,C13_194.0_68.0,T. [13C-glc] G7 30min,C4H3O,Citrate 194/68
6,54664.258334,C13_194.0_68.0,Q. [13C-glc] G7 0min,C4H3O,Citrate 194/68
7,54061.1284575,C13_194.0_68.0,Q. [13C-glc] G7 0min,C4H3O,Citrate 194/68
8,53816.67632,C13_194.0_68.0,Q. [13C-glc] G7 0min,C4H3O,Citrate 194/68
9,53391.822283,C13_194.0_68.0,Q. [13C-glc] G7 0min,C4H3O,Citrate 194/68
10,54005.471517,C13_194.0_68.0,Q. [13C-glc] G7 0min,C4H3O,Citrate 194/68
11,53076.622283,C13_194.0_68.0,Q. [13C-glc] G7 0min,C4H3O,Citrate 194/68
0,13417.06053,C13_192.0_67.0,T. [13C-glc] G7 30min,C4H3O,Citrate 192/67
1,12030.10053,C13_192.0_67.0,T. [13C-glc] G7 30min,C4H3O,Citrate 192/67
2,0.0,C13_192.0_67.0,T. [13C-glc] G7 30min,C4H3O,Citrate 192/67
3,11525.74053,C13_192.0_67.0,T. [13C-glc] G7 30min,C4H3O,Citrate 192/67
4,9508.46053,C13_192.0_67.0,T. [13C-glc] G7 30min,C4H3O,Citrate 192/67
5,14866.96053,C13_192.0_67.0,T. [13C-glc] G7 30min,C4H3O,Citrate 192/67
6,23629.60929,C13_192.0_67.0,Q. [13C-glc] G7 0min,C4H3O,Citrate 192/67
7,24827.30053,C13_192.0_67.0,Q. [13C-glc] G7 0min,C4H3O,Citrate 192/67
8,26908.33816,C13_192.0_67.0,Q. [13C-glc] G7 0min,C4H3O,Citrate 192/67
9,23692.48053,C13_192.0_67.0,Q. [13C-glc] G7 0min,C4H3O,Citrate 192/67
10,23440.44053,C13_192.0_67.0,Q. [13C-glc] G7 0min,C4H3O,Citrate 192/67
11,25293.57631,C13_192.0_67.0,Q. [13C-glc] G7 0min,C4H3O,Citrate 192/67
0,398462.820404,C13_193.0_68.0,T. [13C-glc] G7 30min,C4H3O,Citrate 193/68
1,349260.320404,C13_193.0_68.0,T. [13C-glc] G7 30min,C4H3O,Citrate 193/68
2,167452.020404,C13_193.0_68.0,T. [13C-glc] G7 30min,C4H3O,Citrate 193/68
3,344027.980404,C13_193.0_68.0,T. [13C-glc] G7 30min,C4H3O,Citrate 193/68
4,338921.720404,C13_193.0_68.0,T. [13C-glc] G7 30min,C4H3O,Citrate 193/68
5,432662.840404,C13_193.0_68.0,T. [13C-glc] G7 30min,C4H3O,Citrate 193/68
6,55413.085501,C13_193.0_68.0,Q. [13C-glc] G7 0min,C4H3O,Citrate 193/68
7,54496.504582,C13_193.0_68.0,Q. [13C-glc] G7 0min,C4H3O,Citrate 193/68
8,53816.67632,C13_193.0_68.0,Q. [13C-glc] G7 0min,C4H3O,Citrate 193/68
9,54168.860404,C13_193.0_68.0,Q. [13C-glc] G7 0min,C4H3O,Citrate 193/68
10,54421.020404,C13_193.0_68.0,Q. [13C-glc] G7 0min,C4H3O,Citrate 193/68
11,54862.300404,C13_193.0_68.0,Q. [13C-glc] G7 0min,C4H3O,Citrate 193/68
0,82464.1005457,C13_195.0_70.0,T. [13C-glc] G7 30min,C4H3O,Citrate 195/70
1,60463.2405457,C13_195.0_70.0,T. [13C-glc] G7 30min,C4H3O,Citrate 195/70
2,25117.0759757,C13_195.0_70.0,T. [13C-glc] G7 30min,C4H3O,Citrate 195/70
3,72131.5942357,C13_195.0_70.0,T. [13C-glc] G7 30min,C4H3O,Citrate 195/70
4,71979.8295857,C13_195.0_70.0,T. [13C-glc] G7 30min,C4H3O,Citrate 195/70
5,87948.6605457,C13_195.0_70.0,T. [13C-glc] G7 30min,C4H3O,Citrate 195/70
6,0.0,C13_195.0_70.0,Q. [13C-glc] G7 0min,C4H3O,Citrate 195/70
7,0.0,C13_195.0_70.0,Q. [13C-glc] G7 0min,C4H3O,Citrate 195/70
8,0.0,C13_195.0_70.0,Q. [13C-glc] G7 0min,C4H3O,Citrate 195/70
9,0.0,C13_195.0_70.0,Q. [13C-glc] G7 0min,C4H3O,Citrate 195/70
10,7.52054567968,C13_195.0_70.0,Q. [13C-glc] G7 0min,C4H3O,Citrate 195/70
11,0.0,C13_195.0_70.0,Q. [13C-glc] G7 0min,C4H3O,Citrate 195/70
0,28678.9367215,C13_195.0_69.0,T. [13C-glc] G7 30min,C4H3O,Citrate 195/69
1,23667.0367215,C13_195.0_69.0,T. [13C-glc] G7 30min,C4H3O,Citrate 195/69
2,8568.97672148,C13_195.0_69.0,T. [13C-glc] G7 30min,C4H3O,Citrate 195/69
3,31389.5967215,C13_195.0_69.0,T. [13C-glc] G7 30min,C4H3O,Citrate 195/69
4,27185.7625415,C13_195.0_69.0,T. [13C-glc] G7 30min,C4H3O,Citrate 195/69
5,34037.2967215,C13_195.0_69.0,T. [13C-glc] G7 30min,C4H3O,Citrate 195/69
6,0.0,C13_195.0_69.0,Q. [13C-glc] G7 0min,C4H3O,Citrate 195/69
7,0.0,C13_195.0_69.0,Q. [13C-glc] G7 0min,C4H3O,Citrate 195/69
8,175.50412258,C13_195.0_69.0,Q. [13C-glc] G7 0min,C4H3O,Citrate 195/69
9,733.34192048,C13_195.0_69.0,Q. [13C-glc] G7 0min,C4H3O,Citrate 195/69
10,661.32627348,C13_195.0_69.0,Q. [13C-glc] G7 0min,C4H3O,Citrate 195/69
11,1004.15672148,C13_195.0_69.0,Q. [13C-glc] G7 0min,C4H3O,Citrate 195/69
0,17489.2387642,C13_194.0_70.0,T. [13C-glc] G7 30min,C4H3O,Citrate 194/70
1,15282.8987642,C13_194.0_70.0,T. [13C-glc] G7 30min,C4H3O,Citrate 194/70
2,5133.39876416,C13_194.0_70.0,T. [13C-glc] G7 30min,C4H3O,Citrate 194/70
3,17047.9587642,C13_194.0_70.0,T. [13C-glc] G7 30min,C4H3O,Citrate 194/70
4,14778.6387642,C13_194.0_70.0,T. [13C-glc] G7 30min,C4H3O,Citrate 194/70
5,20301.7771342,C13_194.0_70.0,T. [13C-glc] G7 30min,C4H3O,Citrate 194/70
6,0.0,C13_194.0_70.0,Q. [13C-glc] G7 0min,C4H3O,Citrate 194/70
7,0.0,C13_194.0_70.0,Q. [13C-glc] G7 0min,C4H3O,Citrate 194/70
8,0.0,C13_194.0_70.0,Q. [13C-glc] G7 0min,C4H3O,Citrate 194/70
9,0.0,C13_194.0_70.0,Q. [13C-glc] G7 0min,C4H3O,Citrate 194/70
10,0.0,C13_194.0_70.0,Q. [13C-glc] G7 0min,C4H3O,Citrate 194/70
11,7.36381595752,C13_194.0_70.0,Q. [13C-glc] G7 0min,C4H3O,Citrate 194/70
0,41246.44728,C13_192.0_68.0,T. [13C-glc] G7 30min,C4H3O,Citrate 192/68
1,37891.76061,C13_192.0_68.0,T. [13C-glc] G7 30min,C4H3O,Citrate 192/68
2,9441.40192,C13_192.0_68.0,T. [13C-glc] G7 30min,C4H3O,Citrate 192/68
3,39133.20192,C13_192.0_68.0,T. [13C-glc] G7 30min,C4H3O,Citrate 192/68
4,33459.56192,C13_192.0_68.0,T. [13C-glc] G7 30min,C4H3O,Citrate 192/68
5,46824.22192,C13_192.0_68.0,T. [13C-glc] G7 30min,C4H3O,Citrate 192/68
6,54042.18192,C13_192.0_68.0,Q. [13C-glc] G7 0min,C4H3O,Citrate 192/68
7,63813.36192,C13_192.0_68.0,Q. [13C-glc] G7 0min,C4H3O,Citrate 192/68
8,51520.68192,C13_192.0_68.0,Q. [13C-glc] G7 0min,C4H3O,Citrate 192/68
9,49093.66192,C13_192.0_68.0,Q. [13C-glc] G7 0min,C4H3O,Citrate 192/68
10,58139.90192,C13_192.0_68.0,Q. [13C-glc] G7 0min,C4H3O,Citrate 192/68
11,57730.12192,C13_192.0_68.0,Q. [13C-glc] G7 0min,C4H3O,Citrate 192/68
0,335672.953602,C13_193.0_69.0,T. [13C-glc] G7 30min,C4H3O,Citrate 193/69
1,284988.233602,C13_193.0_69.0,T. [13C-glc] G7 30min,C4H3O,Citrate 193/69
2,108034.513602,C13_193.0_69.0,T. [13C-glc] G7 30min,C4H3O,Citrate 193/69
3,307714.633602,C13_193.0_69.0,T. [13C-glc] G7 30min,C4H3O,Citrate 193/69
4,283664.753602,C13_193.0_69.0,T. [13C-glc] G7 30min,C4H3O,Citrate 193/69
5,363788.573602,C13_193.0_69.0,T. [13C-glc] G7 30min,C4H3O,Citrate 193/69
6,0.0,C13_193.0_69.0,Q. [13C-glc] G7 0min,C4H3O,Citrate 193/69
7,0.0,C13_193.0_69.0,Q. [13C-glc] G7 0min,C4H3O,Citrate 193/69
8,0.0,C13_193.0_69.0,Q. [13C-glc] G7 0min,C4H3O,Citrate 193/69
9,234.47592148,C13_193.0_69.0,Q. [13C-glc] G7 0min,C4H3O,Citrate 193/69
10,0.0,C13_193.0_69.0,Q. [13C-glc] G7 0min,C4H3O,Citrate 193/69
11,1004.15672148,C13_193.0_69.0,Q. [13C-glc] G7 0min,C4H3O,Citrate 193/69
0,516.522142889,C13_149.0_43.0,T. [13C-glc] G7 30min,C2HO,Glutamate 149/43
1,1927.25148219,C13_149.0_43.0,T. [13C-glc] G7 30min,C2HO,Glutamate 149/43
2,773.810482189,C13_149.0_43.0,T. [13C-glc] G7 30min,C2HO,Glutamate 149/43
3,517.61898219,C13_149.0_43.0,T. [13C-glc] G7 30min,C2HO,Glutamate 149/43
4,1027.94298219,C13_149.0_43.0,T. [13C-glc] G7 30min,C2HO,Glutamate 149/43
5,1158.94398219,C13_149.0_43.0,T. [13C-glc] G7 30min,C2HO,Glutamate 149/43
6,3.5104821895,C13_149.0_43.0,Q. [13C-glc] G7 0min,C2HO,Glutamate 149/43
7,3.5104821895,C13_149.0_43.0,Q. [13C-glc] G7 0min,C2HO,Glutamate 149/43
8,3.5104821895,C13_149.0_43.0,Q. [13C-glc] G7 0min,C2HO,Glutamate 149/43
9,3.5104821895,C13_149.0_43.0,Q. [13C-glc] G7 0min,C2HO,Glutamate 149/43
10,3.5104821895,C13_149.0_43.0,Q. [13C-glc] G7 0min,C2HO,Glutamate 149/43
11,3.5104821895,C13_149.0_43.0,Q. [13C-glc] G7 0min,C2HO,Glutamate 149/43
0,1281.419989,C13_148.0_42.0,T. [13C-glc] G7 30min,C2HO,Glutamate 148/42
1,1023.369489,C13_148.0_42.0,T. [13C-glc] G7 30min,C2HO,Glutamate 148/42
2,638.269489,C13_148.0_42.0,T. [13C-glc] G7 30min,C2HO,Glutamate 148/42
3,765.5417278,C13_148.0_42.0,T. [13C-glc] G7 30min,C2HO,Glutamate 148/42
4,885.4551531,C13_148.0_42.0,T. [13C-glc] G7 30min,C2HO,Glutamate 148/42
5,638.269489,C13_148.0_42.0,T. [13C-glc] G7 30min,C2HO,Glutamate 148/42
6,638.269489,C13_148.0_42.0,Q. [13C-glc] G7 0min,C2HO,Glutamate 148/42
7,763.3523903,C13_148.0_42.0,Q. [13C-glc] G7 0min,C2HO,Glutamate 148/42
8,638.269489,C13_148.0_42.0,Q. [13C-glc] G7 0min,C2HO,Glutamate 148/42
9,638.269489,C13_148.0_42.0,Q. [13C-glc] G7 0min,C2HO,Glutamate 148/42
10,638.269489,C13_148.0_42.0,Q. [13C-glc] G7 0min,C2HO,Glutamate 148/42
11,638.269489,C13_148.0_42.0,Q. [13C-glc] G7 0min,C2HO,Glutamate 148/42
0,0.0,C13_147.0_42.0,T. [13C-glc] G7 30min,C2HO,Glutamate 147/42
1,0.0,C13_147.0_42.0,T. [13C-glc] G7 30min,C2HO,Glutamate 147/42
2,0.0,C13_147.0_42.0,T. [13C-glc] G7 30min,C2HO,Glutamate 147/42
3,0.0,C13_147.0_42.0,T. [13C-glc] G7 30min,C2HO,Glutamate 147/42
4,149.486313,C13_147.0_42.0,T. [13C-glc] G7 30min,C2HO,Glutamate 147/42
5,921.578313,C13_147.0_42.0,T. [13C-glc] G7 30min,C2HO,Glutamate 147/42
6,0.0,C13_147.0_42.0,Q. [13C-glc] G7 0min,C2HO,Glutamate 147/42
7,1691.744813,C13_147.0_42.0,Q. [13C-glc] G7 0min,C2HO,Glutamate 147/42
8,0.0,C13_147.0_42.0,Q. [13C-glc] G7 0min,C2HO,Glutamate 147/42
9,663.594813,C13_147.0_42.0,Q. [13C-glc] G7 0min,C2HO,Glutamate 147/42
10,0.0,C13_147.0_42.0,Q. [13C-glc] G7 0min,C2HO,Glutamate 147/42
11,0.0,C13_147.0_42.0,Q. [13C-glc] G7 0min,C2HO,Glutamate 147/42
0,0.0,C13_147.0_41.0,T. [13C-glc] G7 30min,C2HO,Glutamate 147/41
1,1701.266592,C13_147.0_41.0,T. [13C-glc] G7 30min,C2HO,Glutamate 147/41
2,0.0,C13_147.0_41.0,T. [13C-glc] G7 30min,C2HO,Glutamate 147/41
3,0.0,C13_147.0_41.0,T. [13C-glc] G7 30min,C2HO,Glutamate 147/41
4,0.0,C13_147.0_41.0,T. [13C-glc] G7 30min,C2HO,Glutamate 147/41
5,933.158592,C13_147.0_41.0,T. [13C-glc] G7 30min,C2HO,Glutamate 147/41
6,0.0,C13_147.0_41.0,Q. [13C-glc] G7 0min,C2HO,Glutamate 147/41
7,1961.342592,C13_147.0_41.0,Q. [13C-glc] G7 0min,C2HO,Glutamate 147/41
8,534.718365,C13_147.0_41.0,Q. [13C-glc] G7 0min,C2HO,Glutamate 147/41
9,2471.733092,C13_147.0_41.0,Q. [13C-glc] G7 0min,C2HO,Glutamate 147/41
10,1445.475092,C13_147.0_41.0,Q. [13C-glc] G7 0min,C2HO,Glutamate 147/41
11,2215.541592,C13_147.0_41.0,Q. [13C-glc] G7 0min,C2HO,Glutamate 147/41
0,129.047115304,C13_149.0_41.0,T. [13C-glc] G7 30min,C2HO,Glutamate 149/41
1,0.0386153040845,C13_149.0_41.0,T. [13C-glc] G7 30min,C2HO,Glutamate 149/41
2,258.089115304,C13_149.0_41.0,T. [13C-glc] G7 30min,C2HO,Glutamate 149/41
3,758.666544904,C13_149.0_41.0,T. [13C-glc] G7 30min,C2HO,Glutamate 149/41
4,387.097615304,C13_149.0_41.0,T. [13C-glc] G7 30min,C2HO,Glutamate 149/41
5,0.0386153040845,C13_149.0_41.0,T. [13C-glc] G7 30min,C2HO,Glutamate 149/41
6,0.0386153040845,C13_149.0_41.0,Q. [13C-glc] G7 0min,C2HO,Glutamate 149/41
7,0.0386153040845,C13_149.0_41.0,Q. [13C-glc] G7 0min,C2HO,Glutamate 149/41
8,0.0386153040845,C13_149.0_41.0,Q. [13C-glc] G7 0min,C2HO,Glutamate 149/41
9,0.0386153040845,C13_149.0_41.0,Q. [13C-glc] G7 0min,C2HO,Glutamate 149/41
10,0.0386153040845,C13_149.0_41.0,Q. [13C-glc] G7 0min,C2HO,Glutamate 149/41
11,0.0386153040845,C13_149.0_41.0,Q. [13C-glc] G7 0min,C2HO,Glutamate 149/41
0,763.084121029,C13_148.0_41.0,T. [13C-glc] G7 30min,C2HO,Glutamate 148/41
1,139.874939429,C13_148.0_41.0,T. [13C-glc] G7 30min,C2HO,Glutamate 148/41
2,533.093610029,C13_148.0_41.0,T. [13C-glc] G7 30min,C2HO,Glutamate 148/41
3,1432.26911003,C13_148.0_41.0,T. [13C-glc] G7 30min,C2HO,Glutamate 148/41
4,0.0,C13_148.0_41.0,T. [13C-glc] G7 30min,C2HO,Glutamate 148/41
5,789.152110029,C13_148.0_41.0,T. [13C-glc] G7 30min,C2HO,Glutamate 148/41
6,0.0,C13_148.0_41.0,Q. [13C-glc] G7 0min,C2HO,Glutamate 148/41
7,9.548286129,C13_148.0_41.0,Q. [13C-glc] G7 0min,C2HO,Glutamate 148/41
8,18.918610029,C13_148.0_41.0,Q. [13C-glc] G7 0min,C2HO,Glutamate 148/41
9,0.0,C13_148.0_41.0,Q. [13C-glc] G7 0min,C2HO,Glutamate 148/41
10,0.0,C13_148.0_41.0,Q. [13C-glc] G7 0min,C2HO,Glutamate 148/41
11,0.0,C13_148.0_41.0,Q. [13C-glc] G7 0min,C2HO,Glutamate 148/41
0,511.7895265,C13_150.0_42.0,T. [13C-glc] G7 30min,C2HO,Glutamate 150/42
1,511.7895265,C13_150.0_42.0,T. [13C-glc] G7 30min,C2HO,Glutamate 150/42
2,511.7895265,C13_150.0_42.0,T. [13C-glc] G7 30min,C2HO,Glutamate 150/42
3,511.7895265,C13_150.0_42.0,T. [13C-glc] G7 30min,C2HO,Glutamate 150/42
4,627.1696888,C13_150.0_42.0,T. [13C-glc] G7 30min,C2HO,Glutamate 150/42
5,511.7895265,C13_150.0_42.0,T. [13C-glc] G7 30min,C2HO,Glutamate 150/42
6,638.269489,C13_150.0_42.0,Q. [13C-glc] G7 0min,C2HO,Glutamate 150/42
7,511.7895265,C13_150.0_42.0,Q. [13C-glc] G7 0min,C2HO,Glutamate 150/42
8,511.7895265,C13_150.0_42.0,Q. [13C-glc] G7 0min,C2HO,Glutamate 150/42
9,511.7895265,C13_150.0_42.0,Q. [13C-glc] G7 0min,C2HO,Glutamate 150/42
10,511.7895265,C13_150.0_42.0,Q. [13C-glc] G7 0min,C2HO,Glutamate 150/42
11,511.7895265,C13_150.0_42.0,Q. [13C-glc] G7 0min,C2HO,Glutamate 150/42
0,638.269489,C13_149.0_42.0,T. [13C-glc] G7 30min,C2HO,Glutamate 149/42
1,890.2028139,C13_149.0_42.0,T. [13C-glc] G7 30min,C2HO,Glutamate 149/42
2,638.269489,C13_149.0_42.0,T. [13C-glc] G7 30min,C2HO,Glutamate 149/42
3,761.4462736,C13_149.0_42.0,T. [13C-glc] G7 30min,C2HO,Glutamate 149/42
4,638.269489,C13_149.0_42.0,T. [13C-glc] G7 30min,C2HO,Glutamate 149/42
5,638.269489,C13_149.0_42.0,T. [13C-glc] G7 30min,C2HO,Glutamate 149/42
6,638.269489,C13_149.0_42.0,Q. [13C-glc] G7 0min,C2HO,Glutamate 149/42
7,638.269489,C13_149.0_42.0,Q. [13C-glc] G7 0min,C2HO,Glutamate 149/42
8,638.269489,C13_149.0_42.0,Q. [13C-glc] G7 0min,C2HO,Glutamate 149/42
9,638.269489,C13_149.0_42.0,Q. [13C-glc] G7 0min,C2HO,Glutamate 149/42
10,638.269489,C13_149.0_42.0,Q. [13C-glc] G7 0min,C2HO,Glutamate 149/42
11,638.269489,C13_149.0_42.0,Q. [13C-glc] G7 0min,C2HO,Glutamate 149/42
0,5036.48028568,C13_148.0_43.0,T. [13C-glc] G7 30min,C2HO,Glutamate 148/43
1,12994.9717857,C13_148.0_43.0,T. [13C-glc] G7 30min,C2HO,Glutamate 148/43
2,5165.88878568,C13_148.0_43.0,T. [13C-glc] G7 30min,C2HO,Glutamate 148/43
3,11970.9057857,C13_148.0_43.0,T. [13C-glc] G7 30min,C2HO,Glutamate 148/43
4,7990.79728568,C13_148.0_43.0,T. [13C-glc] G7 30min,C2HO,Glutamate 148/43
5,12227.0642857,C13_148.0_43.0,T. [13C-glc] G7 30min,C2HO,Glutamate 148/43
6,0.0,C13_148.0_43.0,Q. [13C-glc] G7 0min,C2HO,Glutamate 148/43
7,0.0,C13_148.0_43.0,Q. [13C-glc] G7 0min,C2HO,Glutamate 148/43
8,0.0,C13_148.0_43.0,Q. [13C-glc] G7 0min,C2HO,Glutamate 148/43
9,9.755186375,C13_148.0_43.0,Q. [13C-glc] G7 0min,C2HO,Glutamate 148/43
10,0.0,C13_148.0_43.0,Q. [13C-glc] G7 0min,C2HO,Glutamate 148/43
11,0.0,C13_148.0_43.0,Q. [13C-glc] G7 0min,C2HO,Glutamate 148/43
0,644.768482189,C13_151.0_43.0,T. [13C-glc] G7 30min,C2HO,Glutamate 151/43
1,773.810482189,C13_151.0_43.0,T. [13C-glc] G7 30min,C2HO,Glutamate 151/43
2,257.121667189,C13_151.0_43.0,T. [13C-glc] G7 30min,C2HO,Glutamate 151/43
3,902.852482189,C13_151.0_43.0,T. [13C-glc] G7 30min,C2HO,Glutamate 151/43
4,900.959982189,C13_151.0_43.0,T. [13C-glc] G7 30min,C2HO,Glutamate 151/43
5,612.377075389,C13_151.0_43.0,T. [13C-glc] G7 30min,C2HO,Glutamate 151/43
6,3.5104821895,C13_151.0_43.0,Q. [13C-glc] G7 0min,C2HO,Glutamate 151/43
7,3.5104821895,C13_151.0_43.0,Q. [13C-glc] G7 0min,C2HO,Glutamate 151/43
8,3.5104821895,C13_151.0_43.0,Q. [13C-glc] G7 0min,C2HO,Glutamate 151/43
9,3.5104821895,C13_151.0_43.0,Q. [13C-glc] G7 0min,C2HO,Glutamate 151/43
10,3.5104821895,C13_151.0_43.0,Q. [13C-glc] G7 0min,C2HO,Glutamate 151/43
11,3.5104821895,C13_151.0_43.0,Q. [13C-glc] G7 0min,C2HO,Glutamate 151/43
0,1287.85248219,C13_150.0_43.0,T. [13C-glc] G7 30min,C2HO,Glutamate 150/43
1,1149.10807319,C13_150.0_43.0,T. [13C-glc] G7 30min,C2HO,Glutamate 150/43
2,646.760982189,C13_150.0_43.0,T. [13C-glc] G7 30min,C2HO,Glutamate 150/43
3,1033.68648219,C13_150.0_43.0,T. [13C-glc] G7 30min,C2HO,Glutamate 150/43
4,2316.13598219,C13_150.0_43.0,T. [13C-glc] G7 30min,C2HO,Glutamate 150/43
5,2699.64398219,C13_150.0_43.0,T. [13C-glc] G7 30min,C2HO,Glutamate 150/43
6,3.5104821895,C13_150.0_43.0,Q. [13C-glc] G7 0min,C2HO,Glutamate 150/43
7,3.5104821895,C13_150.0_43.0,Q. [13C-glc] G7 0min,C2HO,Glutamate 150/43
8,3.5104821895,C13_150.0_43.0,Q. [13C-glc] G7 0min,C2HO,Glutamate 150/43
9,3.5104821895,C13_150.0_43.0,Q. [13C-glc] G7 0min,C2HO,Glutamate 150/43
10,3.5104821895,C13_150.0_43.0,Q. [13C-glc] G7 0min,C2HO,Glutamate 150/43
11,3.5104821895,C13_150.0_43.0,Q. [13C-glc] G7 0min,C2HO,Glutamate 150/43
0,1115651.31961,C13_195.0_114.0,T. [13C-glc] G7 30min,C5H3O3,Citrate 195/114
1,958679.869611,C13_195.0_114.0,T. [13C-glc] G7 30min,C5H3O3,Citrate 195/114
2,375480.119611,C13_195.0_114.0,T. [13C-glc] G7 30min,C5H3O3,Citrate 195/114
3,992249.769611,C13_195.0_114.0,T. [13C-glc] G7 30min,C5H3O3,Citrate 195/114
4,936868.219011,C13_195.0_114.0,T. [13C-glc] G7 30min,C5H3O3,Citrate 195/114
5,1252683.96961,C13_195.0_114.0,T. [13C-glc] G7 30min,C5H3O3,Citrate 195/114
6,0.0,C13_195.0_114.0,Q. [13C-glc] G7 0min,C5H3O3,Citrate 195/114
7,0.0,C13_195.0_114.0,Q. [13C-glc] G7 0min,C5H3O3,Citrate 195/114
8,246.341666872,C13_195.0_114.0,Q. [13C-glc] G7 0min,C5H3O3,Citrate 195/114
9,0.0,C13_195.0_114.0,Q. [13C-glc] G7 0min,C5H3O3,Citrate 195/114
10,0.0,C13_195.0_114.0,Q. [13C-glc] G7 0min,C5H3O3,Citrate 195/114
11,0.0,C13_195.0_114.0,Q. [13C-glc] G7 0min,C5H3O3,Citrate 195/114
0,362113.543023,C13_196.0_116.0,T. [13C-glc] G7 30min,C5H3O3,Citrate 196/116
1,336503.743023,C13_196.0_116.0,T. [13C-glc] G7 30min,C5H3O3,Citrate 196/116
2,123585.443023,C13_196.0_116.0,T. [13C-glc] G7 30min,C5H3O3,Citrate 196/116
3,316883.197823,C13_196.0_116.0,T. [13C-glc] G7 30min,C5H3O3,Citrate 196/116
4,280932.462723,C13_196.0_116.0,T. [13C-glc] G7 30min,C5H3O3,Citrate 196/116
5,360380.393023,C13_196.0_116.0,T. [13C-glc] G7 30min,C5H3O3,Citrate 196/116
6,0.00342646134868,C13_196.0_116.0,Q. [13C-glc] G7 0min,C5H3O3,Citrate 196/116
7,0.0,C13_196.0_116.0,Q. [13C-glc] G7 0min,C5H3O3,Citrate 196/116
8,0.0,C13_196.0_116.0,Q. [13C-glc] G7 0min,C5H3O3,Citrate 196/116
9,0.0,C13_196.0_116.0,Q. [13C-glc] G7 0min,C5H3O3,Citrate 196/116
10,0.0,C13_196.0_116.0,Q. [13C-glc] G7 0min,C5H3O3,Citrate 196/116
11,0.0,C13_196.0_116.0,Q. [13C-glc] G7 0min,C5H3O3,Citrate 196/116
0,904629.154879,C13_196.0_115.0,T. [13C-glc] G7 30min,C5H3O3,Citrate 196/115
1,811959.304879,C13_196.0_115.0,T. [13C-glc] G7 30min,C5H3O3,Citrate 196/115
2,299443.004879,C13_196.0_115.0,T. [13C-glc] G7 30min,C5H3O3,Citrate 196/115
3,753647.354879,C13_196.0_115.0,T. [13C-glc] G7 30min,C5H3O3,Citrate 196/115
4,756799.954879,C13_196.0_115.0,T. [13C-glc] G7 30min,C5H3O3,Citrate 196/115
5,933469.404879,C13_196.0_115.0,T. [13C-glc] G7 30min,C5H3O3,Citrate 196/115
6,0.0,C13_196.0_115.0,Q. [13C-glc] G7 0min,C5H3O3,Citrate 196/115
7,0.0,C13_196.0_115.0,Q. [13C-glc] G7 0min,C5H3O3,Citrate 196/115
8,1.3548791678,C13_196.0_115.0,Q. [13C-glc] G7 0min,C5H3O3,Citrate 196/115
9,0.0,C13_196.0_115.0,Q. [13C-glc] G7 0min,C5H3O3,Citrate 196/115
10,0.0,C13_196.0_115.0,Q. [13C-glc] G7 0min,C5H3O3,Citrate 196/115
11,0.0,C13_196.0_115.0,Q. [13C-glc] G7 0min,C5H3O3,Citrate 196/115
0,4671323.34766,C13_193.0_113.0,T. [13C-glc] G7 30min,C5H3O3,Citrate 193/113
1,4120664.69766,C13_193.0_113.0,T. [13C-glc] G7 30min,C5H3O3,Citrate 193/113
2,1457846.24766,C13_193.0_113.0,T. [13C-glc] G7 30min,C5H3O3,Citrate 193/113
3,3961806.29766,C13_193.0_113.0,T. [13C-glc] G7 30min,C5H3O3,Citrate 193/113
4,3873076.39766,C13_193.0_113.0,T. [13C-glc] G7 30min,C5H3O3,Citrate 193/113
5,5124484.70266,C13_193.0_113.0,T. [13C-glc] G7 30min,C5H3O3,Citrate 193/113
6,25743.5112594,C13_193.0_113.0,Q. [13C-glc] G7 0min,C5H3O3,Citrate 193/113
7,23316.4190594,C13_193.0_113.0,Q. [13C-glc] G7 0min,C5H3O3,Citrate 193/113
8,10067.9123594,C13_193.0_113.0,Q. [13C-glc] G7 0min,C5H3O3,Citrate 193/113
9,19181.5013594,C13_193.0_113.0,Q. [13C-glc] G7 0min,C5H3O3,Citrate 193/113
10,23997.1476594,C13_193.0_113.0,Q. [13C-glc] G7 0min,C5H3O3,Citrate 193/113
11,18165.9476594,C13_193.0_113.0,Q. [13C-glc] G7 0min,C5H3O3,Citrate 193/113
0,523577.377165,C13_194.0_113.0,T. [13C-glc] G7 30min,C5H3O3,Citrate 194/113
1,433608.224665,C13_194.0_113.0,T. [13C-glc] G7 30min,C5H3O3,Citrate 194/113
2,180108.844165,C13_194.0_113.0,T. [13C-glc] G7 30min,C5H3O3,Citrate 194/113
3,437232.724665,C13_194.0_113.0,T. [13C-glc] G7 30min,C5H3O3,Citrate 194/113
4,438337.024665,C13_194.0_113.0,T. [13C-glc] G7 30min,C5H3O3,Citrate 194/113
5,553384.574665,C13_194.0_113.0,T. [13C-glc] G7 30min,C5H3O3,Citrate 194/113
6,20379.4246654,C13_194.0_113.0,Q. [13C-glc] G7 0min,C5H3O3,Citrate 194/113
7,20342.6007294,C13_194.0_113.0,Q. [13C-glc] G7 0min,C5H3O3,Citrate 194/113
8,22394.6969884,C13_194.0_113.0,Q. [13C-glc] G7 0min,C5H3O3,Citrate 194/113
9,21189.3619074,C13_194.0_113.0,Q. [13C-glc] G7 0min,C5H3O3,Citrate 194/113
10,22743.4246654,C13_194.0_113.0,Q. [13C-glc] G7 0min,C5H3O3,Citrate 194/113
11,20822.3052174,C13_194.0_113.0,Q. [13C-glc] G7 0min,C5H3O3,Citrate 194/113
0,5571274.05127,C13_193.0_112.0,T. [13C-glc] G7 30min,C5H3O3,Citrate 193/112
1,5055999.80127,C13_193.0_112.0,T. [13C-glc] G7 30min,C5H3O3,Citrate 193/112
2,2494674.05127,C13_193.0_112.0,T. [13C-glc] G7 30min,C5H3O3,Citrate 193/112
3,4830303.81127,C13_193.0_112.0,T. [13C-glc] G7 30min,C5H3O3,Citrate 193/112
4,4701556.65127,C13_193.0_112.0,T. [13C-glc] G7 30min,C5H3O3,Citrate 193/112
5,5964170.20127,C13_193.0_112.0,T. [13C-glc] G7 30min,C5H3O3,Citrate 193/112
6,1010391.85127,C13_193.0_112.0,Q. [13C-glc] G7 0min,C5H3O3,Citrate 193/112
7,1013858.85127,C13_193.0_112.0,Q. [13C-glc] G7 0min,C5H3O3,Citrate 193/112
8,1017940.7722,C13_193.0_112.0,Q. [13C-glc] G7 0min,C5H3O3,Citrate 193/112
9,1020728.14734,C13_193.0_112.0,Q. [13C-glc] G7 0min,C5H3O3,Citrate 193/112
10,1010706.85127,C13_193.0_112.0,Q. [13C-glc] G7 0min,C5H3O3,Citrate 193/112
11,1016602.86932,C13_193.0_112.0,Q. [13C-glc] G7 0min,C5H3O3,Citrate 193/112
0,462320.60636,C13_195.0_115.0,T. [13C-glc] G7 30min,C5H3O3,Citrate 195/115
1,402284.67366,C13_195.0_115.0,T. [13C-glc] G7 30min,C5H3O3,Citrate 195/115
2,155373.12626,C13_195.0_115.0,T. [13C-glc] G7 30min,C5H3O3,Citrate 195/115
3,383204.70636,C13_195.0_115.0,T. [13C-glc] G7 30min,C5H3O3,Citrate 195/115
4,396916.15636,C13_195.0_115.0,T. [13C-glc] G7 30min,C5H3O3,Citrate 195/115
5,501720.50636,C13_195.0_115.0,T. [13C-glc] G7 30min,C5H3O3,Citrate 195/115
6,0.0,C13_195.0_115.0,Q. [13C-glc] G7 0min,C5H3O3,Citrate 195/115
7,0.0,C13_195.0_115.0,Q. [13C-glc] G7 0min,C5H3O3,Citrate 195/115
8,0.0,C13_195.0_115.0,Q. [13C-glc] G7 0min,C5H3O3,Citrate 195/115
9,1.39210725064,C13_195.0_115.0,Q. [13C-glc] G7 0min,C5H3O3,Citrate 195/115
10,0.0,C13_195.0_115.0,Q. [13C-glc] G7 0min,C5H3O3,Citrate 195/115
11,0.0,C13_195.0_115.0,Q. [13C-glc] G7 0min,C5H3O3,Citrate 195/115
0,835392.74675,C13_192.0_112.0,T. [13C-glc] G7 30min,C5H3O3,Citrate 192/112
1,717540.65925,C13_192.0_112.0,T. [13C-glc] G7 30min,C5H3O3,Citrate 192/112
2,276495.20925,C13_192.0_112.0,T. [13C-glc] G7 30min,C5H3O3,Citrate 192/112
3,710222.91005,C13_192.0_112.0,T. [13C-glc] G7 30min,C5H3O3,Citrate 192/112
4,697459.18225,C13_192.0_112.0,T. [13C-glc] G7 30min,C5H3O3,Citrate 192/112
5,907842.95925,C13_192.0_112.0,T. [13C-glc] G7 30min,C5H3O3,Citrate 192/112
6,1130296.60925,C13_192.0_112.0,Q. [13C-glc] G7 0min,C5H3O3,Citrate 192/112
7,1154508.75925,C13_192.0_112.0,Q. [13C-glc] G7 0min,C5H3O3,Citrate 192/112
8,1009496.25925,C13_192.0_112.0,Q. [13C-glc] G7 0min,C5H3O3,Citrate 192/112
9,1034081.15925,C13_192.0_112.0,Q. [13C-glc] G7 0min,C5H3O3,Citrate 192/112
10,1168319.78025,C13_192.0_112.0,Q. [13C-glc] G7 0min,C5H3O3,Citrate 192/112
11,1102365.18925,C13_192.0_112.0,Q. [13C-glc] G7 0min,C5H3O3,Citrate 192/112
0,183463.925004,C13_197.0_116.0,T. [13C-glc] G7 30min,C5H3O3,Citrate 197/116
1,173316.175504,C13_197.0_116.0,T. [13C-glc] G7 30min,C5H3O3,Citrate 197/116
2,66524.2750044,C13_197.0_116.0,T. [13C-glc] G7 30min,C5H3O3,Citrate 197/116
3,164597.012304,C13_197.0_116.0,T. [13C-glc] G7 30min,C5H3O3,Citrate 197/116
4,152810.325004,C13_197.0_116.0,T. [13C-glc] G7 30min,C5H3O3,Citrate 197/116
5,202613.439204,C13_197.0_116.0,T. [13C-glc] G7 30min,C5H3O3,Citrate 197/116
6,0.0,C13_197.0_116.0,Q. [13C-glc] G7 0min,C5H3O3,Citrate 197/116
7,0.0,C13_197.0_116.0,Q. [13C-glc] G7 0min,C5H3O3,Citrate 197/116
8,0.0,C13_197.0_116.0,Q. [13C-glc] G7 0min,C5H3O3,Citrate 197/116
9,0.0,C13_197.0_116.0,Q. [13C-glc] G7 0min,C5H3O3,Citrate 197/116
10,0.00351590741843,C13_197.0_116.0,Q. [13C-glc] G7 0min,C5H3O3,Citrate 197/116
11,0.0,C13_197.0_116.0,Q. [13C-glc] G7 0min,C5H3O3,Citrate 197/116
0,588242.509659,C13_194.0_114.0,T. [13C-glc] G7 30min,C5H3O3,Citrate 194/114
1,511324.235359,C13_194.0_114.0,T. [13C-glc] G7 30min,C5H3O3,Citrate 194/114
2,178941.160759,C13_194.0_114.0,T. [13C-glc] G7 30min,C5H3O3,Citrate 194/114
3,510309.059659,C13_194.0_114.0,T. [13C-glc] G7 30min,C5H3O3,Citrate 194/114
4,489111.609659,C13_194.0_114.0,T. [13C-glc] G7 30min,C5H3O3,Citrate 194/114
5,638990.059659,C13_194.0_114.0,T. [13C-glc] G7 30min,C5H3O3,Citrate 194/114
6,0.0,C13_194.0_114.0,Q. [13C-glc] G7 0min,C5H3O3,Citrate 194/114
7,0.0,C13_194.0_114.0,Q. [13C-glc] G7 0min,C5H3O3,Citrate 194/114
8,0.0,C13_194.0_114.0,Q. [13C-glc] G7 0min,C5H3O3,Citrate 194/114
9,253.110409208,C13_194.0_114.0,Q. [13C-glc] G7 0min,C5H3O3,Citrate 194/114
10,0.0,C13_194.0_114.0,Q. [13C-glc] G7 0min,C5H3O3,Citrate 194/114
11,0.0,C13_194.0_114.0,Q. [13C-glc] G7 0min,C5H3O3,Citrate 194/114
0,167230.85185,C13_192.0_111.0,T. [13C-glc] G7 30min,C5H3O3,Citrate 192/111
1,144536.10185,C13_192.0_111.0,T. [13C-glc] G7 30min,C5H3O3,Citrate 192/111
2,13570.50185,C13_192.0_111.0,T. [13C-glc] G7 30min,C5H3O3,Citrate 192/111
3,134292.15185,C13_192.0_111.0,T. [13C-glc] G7 30min,C5H3O3,Citrate 192/111
4,118804.39595,C13_192.0_111.0,T. [13C-glc] G7 30min,C5H3O3,Citrate 192/111
5,192447.05185,C13_192.0_111.0,T. [13C-glc] G7 30min,C5H3O3,Citrate 192/111
6,211989.20185,C13_192.0_111.0,Q. [13C-glc] G7 0min,C5H3O3,Citrate 192/111
7,230901.75185,C13_192.0_111.0,Q. [13C-glc] G7 0min,C5H3O3,Citrate 192/111
8,175740.80185,C13_192.0_111.0,Q. [13C-glc] G7 0min,C5H3O3,Citrate 192/111
9,193786.60185,C13_192.0_111.0,Q. [13C-glc] G7 0min,C5H3O3,Citrate 192/111
10,226645.88365,C13_192.0_111.0,Q. [13C-glc] G7 0min,C5H3O3,Citrate 192/111
11,203557.85185,C13_192.0_111.0,Q. [13C-glc] G7 0min,C5H3O3,Citrate 192/111
0,29310.706522,C13_134.0_116.0,T. [13C-glc] G7 30min,C4H3O4,Malate 134/116
1,0.0,C13_134.0_116.0,T. [13C-glc] G7 30min,C4H3O4,Malate 134/116
2,6458.539022,C13_134.0_116.0,T. [13C-glc] G7 30min,C4H3O4,Malate 134/116
3,1582.773022,C13_134.0_116.0,T. [13C-glc] G7 30min,C4H3O4,Malate 134/116
4,8258.781522,C13_134.0_116.0,T. [13C-glc] G7 30min,C4H3O4,Malate 134/116
5,7616.957022,C13_134.0_116.0,T. [13C-glc] G7 30min,C4H3O4,Malate 134/116
6,22378.873022,C13_134.0_116.0,Q. [13C-glc] G7 0min,C4H3O4,Malate 134/116
7,42.606522,C13_134.0_116.0,Q. [13C-glc] G7 0min,C4H3O4,Malate 134/116
8,11724.948522,C13_134.0_116.0,Q. [13C-glc] G7 0min,C4H3O4,Malate 134/116
9,8387.957022,C13_134.0_116.0,Q. [13C-glc] G7 0min,C4H3O4,Malate 134/116
10,2736.714522,C13_134.0_116.0,Q. [13C-glc] G7 0min,C4H3O4,Malate 134/116
11,1584.265522,C13_134.0_116.0,Q. [13C-glc] G7 0min,C4H3O4,Malate 134/116
0,106034.070517,C13_136.0_118.0,T. [13C-glc] G7 30min,C4H3O4,Malate 136/118
1,53408.289017,C13_136.0_118.0,T. [13C-glc] G7 30min,C4H3O4,Malate 136/118
2,76382.096017,C13_136.0_118.0,T. [13C-glc] G7 30min,C4H3O4,Malate 136/118
3,50707.771017,C13_136.0_118.0,T. [13C-glc] G7 30min,C4H3O4,Malate 136/118
4,60464.279517,C13_136.0_118.0,T. [13C-glc] G7 30min,C4H3O4,Malate 136/118
5,67136.337017,C13_136.0_118.0,T. [13C-glc] G7 30min,C4H3O4,Malate 136/118
6,0.0,C13_136.0_118.0,Q. [13C-glc] G7 0min,C4H3O4,Malate 136/118
7,0.0,C13_136.0_118.0,Q. [13C-glc] G7 0min,C4H3O4,Malate 136/118
8,0.0,C13_136.0_118.0,Q. [13C-glc] G7 0min,C4H3O4,Malate 136/118
9,0.0,C13_136.0_118.0,Q. [13C-glc] G7 0min,C4H3O4,Malate 136/118
10,1.91301697541,C13_136.0_118.0,Q. [13C-glc] G7 0min,C4H3O4,Malate 136/118
11,0.0,C13_136.0_118.0,Q. [13C-glc] G7 0min,C4H3O4,Malate 136/118
0,21693.9882128,C13_137.0_119.0,T. [13C-glc] G7 30min,C4H3O4,Malate 137/119
1,7704.2307128,C13_137.0_119.0,T. [13C-glc] G7 30min,C4H3O4,Malate 137/119
2,14122.4222128,C13_137.0_119.0,T. [13C-glc] G7 30min,C4H3O4,Malate 137/119
3,7702.1387128,C13_137.0_119.0,T. [13C-glc] G7 30min,C4H3O4,Malate 137/119
4,11936.5462128,C13_137.0_119.0,T. [13C-glc] G7 30min,C4H3O4,Malate 137/119
5,9625.8462128,C13_137.0_119.0,T. [13C-glc] G7 30min,C4H3O4,Malate 137/119
6,0.00521279524881,C13_137.0_119.0,Q. [13C-glc] G7 0min,C4H3O4,Malate 137/119
7,0.00521279524881,C13_137.0_119.0,Q. [13C-glc] G7 0min,C4H3O4,Malate 137/119
8,0.00521279524881,C13_137.0_119.0,Q. [13C-glc] G7 0min,C4H3O4,Malate 137/119
9,0.00521279524881,C13_137.0_119.0,Q. [13C-glc] G7 0min,C4H3O4,Malate 137/119
10,0.00521279524881,C13_137.0_119.0,Q. [13C-glc] G7 0min,C4H3O4,Malate 137/119
11,0.00521279524881,C13_137.0_119.0,Q. [13C-glc] G7 0min,C4H3O4,Malate 137/119
0,128355.826905,C13_135.0_117.0,T. [13C-glc] G7 30min,C4H3O4,Malate 135/117
1,64046.2444049,C13_135.0_117.0,T. [13C-glc] G7 30min,C4H3O4,Malate 135/117
2,83941.3104049,C13_135.0_117.0,T. [13C-glc] G7 30min,C4H3O4,Malate 135/117
3,62501.4269049,C13_135.0_117.0,T. [13C-glc] G7 30min,C4H3O4,Malate 135/117
4,77524.0779049,C13_135.0_117.0,T. [13C-glc] G7 30min,C4H3O4,Malate 135/117
5,81887.1609049,C13_135.0_117.0,T. [13C-glc] G7 30min,C4H3O4,Malate 135/117
6,369.251404863,C13_135.0_117.0,Q. [13C-glc] G7 0min,C4H3O4,Malate 135/117
7,0.0,C13_135.0_117.0,Q. [13C-glc] G7 0min,C4H3O4,Malate 135/117
8,0.0,C13_135.0_117.0,Q. [13C-glc] G7 0min,C4H3O4,Malate 135/117
9,0.0,C13_135.0_117.0,Q. [13C-glc] G7 0min,C4H3O4,Malate 135/117
10,0.0,C13_135.0_117.0,Q. [13C-glc] G7 0min,C4H3O4,Malate 135/117
11,0.0,C13_135.0_117.0,Q. [13C-glc] G7 0min,C4H3O4,Malate 135/117
