,NA corrected,Label,Sample Name,formula,name
0,16423.9655333,C13_92.0_92.0,T. [13C-glc] G7 30min,C3H5O3,Lactate 92/92
1,15610.6887858,C13_92.0_92.0,T. [13C-glc] G7 30min,C3H5O3,Lactate 92/92
2,11738.1000333,C13_92.0_92.0,T. [13C-glc] G7 30min,C3H5O3,Lactate 92/92
3,15601.9063933,C13_92.0_92.0,T. [13C-glc] G7 30min,C3H5O3,Lactate 92/92
4,17627.4938933,C13_92.0_92.0,T. [13C-glc] G7 30min,C3H5O3,Lactate 92/92
5,17769.7688933,C13_92.0_92.0,T. [13C-glc] G7 30min,C3H5O3,Lactate 92/92
6,0.0,C13_92.0_92.0,Q. [13C-glc] G7 0min,C3H5O3,Lactate 92/92
7,0.0,C13_92.0_92.0,Q. [13C-glc] G7 0min,C3H5O3,Lactate 92/92
8,0.0,C13_92.0_92.0,Q. [13C-glc] G7 0min,C3H5O3,Lactate 92/92
9,0.0,C13_92.0_92.0,Q. [13C-glc] G7 0min,C3H5O3,Lactate 92/92
10,0.0,C13_92.0_92.0,Q. [13C-glc] G7 0min,C3H5O3,Lactate 92/92
11,0.0,C13_92.0_92.0,Q. [13C-glc] G7 0min,C3H5O3,Lactate 92/92
0,0.0,C13_91.0_91.0,T. [13C-glc] G7 30min,C3H5O3,Lactate 91/91
1,917.682079544,C13_91.0_91.0,T. [13C-glc] G7 30min,C3H5O3,Lactate 91/91
2,14.6282568102,C13_91.0_91.0,T. [13C-glc] G7 30min,C3H5O3,Lactate 91/91
3,0.0,C13_91.0_91.0,T. [13C-glc] G7 30min,C3H5O3,Lactate 91/91
4,14.6282568102,C13_91.0_91.0,T. [13C-glc] G7 30min,C3H5O3,Lactate 91/91
5,0.477447879875,C13_91.0_91.0,T. [13C-glc] G7 30min,C3H5O3,Lactate 91/91
6,0.0,C13_91.0_91.0,Q. [13C-glc] G7 0min,C3H5O3,Lactate 91/91
7,4.66188677588,C13_91.0_91.0,Q. [13C-glc] G7 0min,C3H5O3,Lactate 91/91
8,0.0,C13_91.0_91.0,Q. [13C-glc] G7 0min,C3H5O3,Lactate 91/91
9,7.63271177588,C13_91.0_91.0,Q. [13C-glc] G7 0min,C3H5O3,Lactate 91/91
10,14.6282568102,C13_91.0_91.0,Q. [13C-glc] G7 0min,C3H5O3,Lactate 91/91
11,0.0,C13_91.0_91.0,Q. [13C-glc] G7 0min,C3H5O3,Lactate 91/91
0,1138.77050554,C13_90.0_90.0,T. [13C-glc] G7 30min,C3H5O3,Lactate 90/90
1,673.212990506,C13_90.0_90.0,T. [13C-glc] G7 30min,C3H5O3,Lactate 90/90
2,0.0,C13_90.0_90.0,T. [13C-glc] G7 30min,C3H5O3,Lactate 90/90
3,930.82002951,C13_90.0_90.0,T. [13C-glc] G7 30min,C3H5O3,Lactate 90/90
4,0.0,C13_90.0_90.0,T. [13C-glc] G7 30min,C3H5O3,Lactate 90/90
5,657.36939667,C13_90.0_90.0,T. [13C-glc] G7 30min,C3H5O3,Lactate 90/90
6,1030.38481477,C13_90.0_90.0,Q. [13C-glc] G7 0min,C3H5O3,Lactate 90/90
7,462.983189774,C13_90.0_90.0,Q. [13C-glc] G7 0min,C3H5O3,Lactate 90/90
8,1579.02045329,C13_90.0_90.0,Q. [13C-glc] G7 0min,C3H5O3,Lactate 90/90
9,324.974864774,C13_90.0_90.0,Q. [13C-glc] G7 0min,C3H5O3,Lactate 90/90
10,0.0,C13_90.0_90.0,Q. [13C-glc] G7 0min,C3H5O3,Lactate 90/90
11,1080.07220024,C13_90.0_90.0,Q. [13C-glc] G7 0min,C3H5O3,Lactate 90/90
0,74093.0094968,C13_147.0_129.0,T. [13C-glc] G7 30min,C5H6NO3,Glutamate 147/129
1,232646.168023,C13_147.0_129.0,T. [13C-glc] G7 30min,C5H6NO3,Glutamate 147/129
2,120071.517001,C13_147.0_129.0,T. [13C-glc] G7 30min,C5H6NO3,Glutamate 147/129
3,180511.261423,C13_147.0_129.0,T. [13C-glc] G7 30min,C5H6NO3,Glutamate 147/129
4,166034.878675,C13_147.0_129.0,T. [13C-glc] G7 30min,C5H6NO3,Glutamate 147/129
5,210803.286301,C13_147.0_129.0,T. [13C-glc] G7 30min,C5H6NO3,Glutamate 147/129
6,73294.1751488,C13_147.0_129.0,Q. [13C-glc] G7 0min,C5H6NO3,Glutamate 147/129
7,249669.544849,C13_147.0_129.0,Q. [13C-glc] G7 0min,C5H6NO3,Glutamate 147/129
8,168310.669219,C13_147.0_129.0,Q. [13C-glc] G7 0min,C5H6NO3,Glutamate 147/129
9,214959.833971,C13_147.0_129.0,Q. [13C-glc] G7 0min,C5H6NO3,Glutamate 147/129
10,218040.816301,C13_147.0_129.0,Q. [13C-glc] G7 0min,C5H6NO3,Glutamate 147/129
11,241761.288697,C13_147.0_129.0,Q. [13C-glc] G7 0min,C5H6NO3,Glutamate 147/129
0,19042.4767178,C13_151.0_133.0,T. [13C-glc] G7 30min,C5H6NO3,Glutamate 151/133
1,32656.7781438,C13_151.0_133.0,T. [13C-glc] G7 30min,C5H6NO3,Glutamate 151/133
2,22681.8618623,C13_151.0_133.0,T. [13C-glc] G7 30min,C5H6NO3,Glutamate 151/133
3,32250.5658178,C13_151.0_133.0,T. [13C-glc] G7 30min,C5H6NO3,Glutamate 151/133
4,34407.8363428,C13_151.0_133.0,T. [13C-glc] G7 30min,C5H6NO3,Glutamate 151/133
5,39487.1611798,C13_151.0_133.0,T. [13C-glc] G7 30min,C5H6NO3,Glutamate 151/133
6,0.0,C13_151.0_133.0,Q. [13C-glc] G7 0min,C5H6NO3,Glutamate 151/133
7,0.0,C13_151.0_133.0,Q. [13C-glc] G7 0min,C5H6NO3,Glutamate 151/133
8,0.0,C13_151.0_133.0,Q. [13C-glc] G7 0min,C5H6NO3,Glutamate 151/133
9,0.0,C13_151.0_133.0,Q. [13C-glc] G7 0min,C5H6NO3,Glutamate 151/133
10,0.0,C13_151.0_133.0,Q. [13C-glc] G7 0min,C5H6NO3,Glutamate 151/133
11,0.0,C13_151.0_133.0,Q. [13C-glc] G7 0min,C5H6NO3,Glutamate 151/133
0,352791.010636,C13_148.0_130.0,T. [13C-glc] G7 30min,C5H6NO3,Glutamate 148/130
1,739311.750485,C13_148.0_130.0,T. [13C-glc] G7 30min,C5H6NO3,Glutamate 148/130
2,443975.027779,C13_148.0_130.0,T. [13C-glc] G7 30min,C5H6NO3,Glutamate 148/130
3,633303.909885,C13_148.0_130.0,T. [13C-glc] G7 30min,C5H6NO3,Glutamate 148/130
4,532322.082352,C13_148.0_130.0,T. [13C-glc] G7 30min,C5H6NO3,Glutamate 148/130
5,738252.311912,C13_148.0_130.0,T. [13C-glc] G7 30min,C5H6NO3,Glutamate 148/130
6,0.0,C13_148.0_130.0,Q. [13C-glc] G7 0min,C5H6NO3,Glutamate 148/130
7,0.0,C13_148.0_130.0,Q. [13C-glc] G7 0min,C5H6NO3,Glutamate 148/130
8,0.0,C13_148.0_130.0,Q. [13C-glc] G7 0min,C5H6NO3,Glutamate 148/130
9,0.0,C13_148.0_130.0,Q. [13C-glc] G7 0min,C5H6NO3,Glutamate 148/130
10,0.0,C13_148.0_130.0,Q. [13C-glc] G7 0min,C5H6NO3,Glutamate 148/130
11,0.0,C13_148.0_130.0,Q. [13C-glc] G7 0min,C5H6NO3,Glutamate 148/130
0,65559.626172,C13_150.0_132.0,T. [13C-glc] G7 30min,C5H6NO3,Glutamate 150/132
1,99404.259787,C13_150.0_132.0,T. [13C-glc] G7 30min,C5H6NO3,Glutamate 150/132
2,61539.1523035,C13_150.0_132.0,T. [13C-glc] G7 30min,C5H6NO3,Glutamate 150/132
3,90212.68372,C13_150.0_132.0,T. [13C-glc] G7 30min,C5H6NO3,Glutamate 150/132
4,81070.473588,C13_150.0_132.0,T. [13C-glc] G7 30min,C5H6NO3,Glutamate 150/132
5,108799.550786,C13_150.0_132.0,T. [13C-glc] G7 30min,C5H6NO3,Glutamate 150/132
6,0.0,C13_150.0_132.0,Q. [13C-glc] G7 0min,C5H6NO3,Glutamate 150/132
7,0.325268926838,C13_150.0_132.0,Q. [13C-glc] G7 0min,C5H6NO3,Glutamate 150/132
8,0.0,C13_150.0_132.0,Q. [13C-glc] G7 0min,C5H6NO3,Glutamate 150/132
9,0.0,C13_150.0_132.0,Q. [13C-glc] G7 0min,C5H6NO3,Glutamate 150/132
10,0.0,C13_150.0_132.0,Q. [13C-glc] G7 0min,C5H6NO3,Glutamate 150/132
11,0.0,C13_150.0_132.0,Q. [13C-glc] G7 0min,C5H6NO3,Glutamate 150/132
0,36043.9364053,C13_149.0_131.0,T. [13C-glc] G7 30min,C5H6NO3,Glutamate 149/131
1,67176.7134893,C13_149.0_131.0,T. [13C-glc] G7 30min,C5H6NO3,Glutamate 149/131
2,33072.8599823,C13_149.0_131.0,T. [13C-glc] G7 30min,C5H6NO3,Glutamate 149/131
3,57376.6720823,C13_149.0_131.0,T. [13C-glc] G7 30min,C5H6NO3,Glutamate 149/131
4,45145.3154698,C13_149.0_131.0,T. [13C-glc] G7 30min,C5H6NO3,Glutamate 149/131
5,70910.6407488,C13_149.0_131.0,T. [13C-glc] G7 30min,C5H6NO3,Glutamate 149/131
6,0.0,C13_149.0_131.0,Q. [13C-glc] G7 0min,C5H6NO3,Glutamate 149/131
7,0.0,C13_149.0_131.0,Q. [13C-glc] G7 0min,C5H6NO3,Glutamate 149/131
8,0.0,C13_149.0_131.0,Q. [13C-glc] G7 0min,C5H6NO3,Glutamate 149/131
9,51.658473399,C13_149.0_131.0,Q. [13C-glc] G7 0min,C5H6NO3,Glutamate 149/131
10,0.0,C13_149.0_131.0,Q. [13C-glc] G7 0min,C5H6NO3,Glutamate 149/131
11,0.0,C13_149.0_131.0,Q. [13C-glc] G7 0min,C5H6NO3,Glutamate 149/131
0,3758.2684998,C13_195.0_71.0,T. [13C-glc] G7 30min,C4H3O,Citrate 195/71
1,1748.80966378,C13_195.0_71.0,T. [13C-glc] G7 30min,C4H3O,Citrate 195/71
2,208.794385701,C13_195.0_71.0,T. [13C-glc] G7 30min,C4H3O,Citrate 195/71
3,2688.3189242,C13_195.0_71.0,T. [13C-glc] G7 30min,C4H3O,Citrate 195/71
4,909.328804199,C13_195.0_71.0,T. [13C-glc] G7 30min,C4H3O,Citrate 195/71
5,3941.06452213,C13_195.0_71.0,T. [13C-glc] G7 30min,C4H3O,Citrate 195/71
6,0.0,C13_195.0_71.0,Q. [13C-glc] G7 0min,C4H3O,Citrate 195/71
7,0.0,C13_195.0_71.0,Q. [13C-glc] G7 0min,C4H3O,Citrate 195/71
8,0.0,C13_195.0_71.0,Q. [13C-glc] G7 0min,C4H3O,Citrate 195/71
9,0.0197144949854,C13_195.0_71.0,Q. [13C-glc] G7 0min,C4H3O,Citrate 195/71
10,0.0,C13_195.0_71.0,Q. [13C-glc] G7 0min,C4H3O,Citrate 195/71
11,0.0,C13_195.0_71.0,Q. [13C-glc] G7 0min,C4H3O,Citrate 195/71
0,37764.9685478,C13_194.0_69.0,T. [13C-glc] G7 30min,C4H3O,Citrate 194/69
1,30393.9745051,C13_194.0_69.0,T. [13C-glc] G7 30min,C4H3O,Citrate 194/69
2,11352.0823028,C13_194.0_69.0,T. [13C-glc] G7 30min,C4H3O,Citrate 194/69
3,31738.9113028,C13_194.0_69.0,T. [13C-glc] G7 30min,C4H3O,Citrate 194/69
4,30613.2082628,C13_194.0_69.0,T. [13C-glc] G7 30min,C4H3O,Citrate 194/69
5,36782.9508198,C13_194.0_69.0,T. [13C-glc] G7 30min,C4H3O,Citrate 194/69
6,0.0,C13_194.0_69.0,Q. [13C-glc] G7 0min,C4H3O,Citrate 194/69
7,0.0,C13_194.0_69.0,Q. [13C-glc] G7 0min,C4H3O,Citrate 194/69
8,0.0,C13_194.0_69.0,Q. [13C-glc] G7 0min,C4H3O,Citrate 194/69
9,0.0,C13_194.0_69.0,Q. [13C-glc] G7 0min,C4H3O,Citrate 194/69
10,0.0,C13_194.0_69.0,Q. [13C-glc] G7 0min,C4H3O,Citrate 194/69
11,0.0,C13_194.0_69.0,Q. [13C-glc] G7 0min,C4H3O,Citrate 194/69
0,0.0,C13_193.0_67.0,T. [13C-glc] G7 30min,C4H3O,Citrate 193/67
1,0.0,C13_193.0_67.0,T. [13C-glc] G7 30min,C4H3O,Citrate 193/67
2,0.0,C13_193.0_67.0,T. [13C-glc] G7 30min,C4H3O,Citrate 193/67
3,0.0,C13_193.0_67.0,T. [13C-glc] G7 30min,C4H3O,Citrate 193/67
4,0.0,C13_193.0_67.0,T. [13C-glc] G7 30min,C4H3O,Citrate 193/67
5,0.0,C13_193.0_67.0,T. [13C-glc] G7 30min,C4H3O,Citrate 193/67
6,0.0,C13_193.0_67.0,Q. [13C-glc] G7 0min,C4H3O,Citrate 193/67
7,0.0,C13_193.0_67.0,Q. [13C-glc] G7 0min,C4H3O,Citrate 193/67
8,0.0,C13_193.0_67.0,Q. [13C-glc] G7 0min,C4H3O,Citrate 193/67
9,0.0,C13_193.0_67.0,Q. [13C-glc] G7 0min,C4H3O,Citrate 193/67
10,0.0,C13_193.0_67.0,Q. [13C-glc] G7 0min,C4H3O,Citrate 193/67
11,0.0,C13_193.0_67.0,Q. [13C-glc] G7 0min,C4H3O,Citrate 193/67
0,56375.3318593,C13_196.0_71.0,T. [13C-glc] G7 30min,C4H3O,Citrate 196/71
1,47228.5306523,C13_196.0_71.0,T. [13C-glc] G7 30min,C4H3O,Citrate 196/71
2,19355.1038826,C13_196.0_71.0,T. [13C-glc] G7 30min,C4H3O,Citrate 196/71
3,52380.8452894,C13_196.0_71.0,T. [13C-glc] G7 30min,C4H3O,Citrate 196/71
4,46737.6379534,C13_196.0_71.0,T. [13C-glc] G7 30min,C4H3O,Citrate 196/71
5,64213.4484329,C13_196.0_71.0,T. [13C-glc] G7 30min,C4H3O,Citrate 196/71
6,0.0209803720238,C13_196.0_71.0,Q. [13C-glc] G7 0min,C4H3O,Citrate 196/71
7,0.0,C13_196.0_71.0,Q. [13C-glc] G7 0min,C4H3O,Citrate 196/71
8,0.0,C13_196.0_71.0,Q. [13C-glc] G7 0min,C4H3O,Citrate 196/71
9,0.0,C13_196.0_71.0,Q. [13C-glc] G7 0min,C4H3O,Citrate 196/71
10,0.0,C13_196.0_71.0,Q. [13C-glc] G7 0min,C4H3O,Citrate 196/71
11,0.0,C13_196.0_71.0,Q. [13C-glc] G7 0min,C4H3O,Citrate 196/71
0,9826.6265399,C13_197.0_71.0,T. [13C-glc] G7 30min,C4H3O,Citrate 197/71
1,7294.10666883,C13_197.0_71.0,T. [13C-glc] G7 30min,C4H3O,Citrate 197/71
2,2501.66948527,C13_197.0_71.0,T. [13C-glc] G7 30min,C4H3O,Citrate 197/71
3,7458.05715501,C13_197.0_71.0,T. [13C-glc] G7 30min,C4H3O,Citrate 197/71
4,11347.1849276,C13_197.0_71.0,T. [13C-glc] G7 30min,C4H3O,Citrate 197/71
5,12971.8761818,C13_197.0_71.0,T. [13C-glc] G7 30min,C4H3O,Citrate 197/71
6,0.0,C13_197.0_71.0,Q. [13C-glc] G7 0min,C4H3O,Citrate 197/71
7,0.0,C13_197.0_71.0,Q. [13C-glc] G7 0min,C4H3O,Citrate 197/71
8,0.0,C13_197.0_71.0,Q. [13C-glc] G7 0min,C4H3O,Citrate 197/71
9,0.0,C13_197.0_71.0,Q. [13C-glc] G7 0min,C4H3O,Citrate 197/71
10,0.0,C13_197.0_71.0,Q. [13C-glc] G7 0min,C4H3O,Citrate 197/71
11,0.0,C13_197.0_71.0,Q. [13C-glc] G7 0min,C4H3O,Citrate 197/71
0,28705.3613497,C13_196.0_70.0,T. [13C-glc] G7 30min,C4H3O,Citrate 196/70
1,27905.9594108,C13_196.0_70.0,T. [13C-glc] G7 30min,C4H3O,Citrate 196/70
2,10701.5345846,C13_196.0_70.0,T. [13C-glc] G7 30min,C4H3O,Citrate 196/70
3,24619.7095869,C13_196.0_70.0,T. [13C-glc] G7 30min,C4H3O,Citrate 196/70
4,27187.5684545,C13_196.0_70.0,T. [13C-glc] G7 30min,C4H3O,Citrate 196/70
5,34046.0499578,C13_196.0_70.0,T. [13C-glc] G7 30min,C4H3O,Citrate 196/70
6,0.0,C13_196.0_70.0,Q. [13C-glc] G7 0min,C4H3O,Citrate 196/70
7,0.0,C13_196.0_70.0,Q. [13C-glc] G7 0min,C4H3O,Citrate 196/70
8,0.0,C13_196.0_70.0,Q. [13C-glc] G7 0min,C4H3O,Citrate 196/70
9,0.0,C13_196.0_70.0,Q. [13C-glc] G7 0min,C4H3O,Citrate 196/70
10,0.0,C13_196.0_70.0,Q. [13C-glc] G7 0min,C4H3O,Citrate 196/70
11,0.0,C13_196.0_70.0,Q. [13C-glc] G7 0min,C4H3O,Citrate 196/70
0,82651.9414785,C13_195.0_70.0,T. [13C-glc] G7 30min,C4H3O,Citrate 195/70
1,60430.911127,C13_195.0_70.0,T. [13C-glc] G7 30min,C4H3O,Citrate 195/70
2,25146.6445781,C13_195.0_70.0,T. [13C-glc] G7 30min,C4H3O,Citrate 195/70
3,72281.5230398,C13_195.0_70.0,T. [13C-glc] G7 30min,C4H3O,Citrate 195/70
4,72215.1759275,C13_195.0_70.0,T. [13C-glc] G7 30min,C4H3O,Citrate 195/70
5,88178.9909064,C13_195.0_70.0,T. [13C-glc] G7 30min,C4H3O,Citrate 195/70
6,0.0,C13_195.0_70.0,Q. [13C-glc] G7 0min,C4H3O,Citrate 195/70
7,0.0,C13_195.0_70.0,Q. [13C-glc] G7 0min,C4H3O,Citrate 195/70
8,0.0,C13_195.0_70.0,Q. [13C-glc] G7 0min,C4H3O,Citrate 195/70
9,0.0,C13_195.0_70.0,Q. [13C-glc] G7 0min,C4H3O,Citrate 195/70
10,0.0,C13_195.0_70.0,Q. [13C-glc] G7 0min,C4H3O,Citrate 195/70
11,0.0,C13_195.0_70.0,Q. [13C-glc] G7 0min,C4H3O,Citrate 195/70
0,14154.9988591,C13_192.0_67.0,T. [13C-glc] G7 30min,C4H3O,Citrate 192/67
1,12691.7560591,C13_192.0_67.0,T. [13C-glc] G7 30min,C4H3O,Citrate 192/67
2,0.0,C13_192.0_67.0,T. [13C-glc] G7 30min,C4H3O,Citrate 192/67
3,12159.6562591,C13_192.0_67.0,T. [13C-glc] G7 30min,C4H3O,Citrate 192/67
4,10031.4258591,C13_192.0_67.0,T. [13C-glc] G7 30min,C4H3O,Citrate 192/67
5,15684.6433591,C13_192.0_67.0,T. [13C-glc] G7 30min,C4H3O,Citrate 192/67
6,24929.2378009,C13_192.0_67.0,Q. [13C-glc] G7 0min,C4H3O,Citrate 192/67
7,26192.8020591,C13_192.0_67.0,Q. [13C-glc] G7 0min,C4H3O,Citrate 192/67
8,28388.2967588,C13_192.0_67.0,Q. [13C-glc] G7 0min,C4H3O,Citrate 192/67
9,24995.5669591,C13_192.0_67.0,Q. [13C-glc] G7 0min,C4H3O,Citrate 192/67
10,24729.6647591,C13_192.0_67.0,Q. [13C-glc] G7 0min,C4H3O,Citrate 192/67
11,26684.723007,C13_192.0_67.0,Q. [13C-glc] G7 0min,C4H3O,Citrate 192/67
0,414497.411998,C13_193.0_68.0,T. [13C-glc] G7 30min,C4H3O,Citrate 193/68
1,363264.831345,C13_193.0_68.0,T. [13C-glc] G7 30min,C4H3O,Citrate 193/68
2,174612.19846,C13_193.0_68.0,T. [13C-glc] G7 30min,C4H3O,Citrate 193/68
3,357797.148516,C13_193.0_68.0,T. [13C-glc] G7 30min,C4H3O,Citrate 193/68
4,352679.793476,C13_193.0_68.0,T. [13C-glc] G7 30min,C4H3O,Citrate 193/68
5,450015.726236,C13_193.0_68.0,T. [13C-glc] G7 30min,C4H3O,Citrate 193/68
6,55622.630452,C13_193.0_68.0,Q. [13C-glc] G7 0min,C4H3O,Citrate 193/68
7,54398.055598,C13_193.0_68.0,Q. [13C-glc] G7 0min,C4H3O,Citrate 193/68
8,53867.1881968,C13_193.0_68.0,Q. [13C-glc] G7 0min,C4H3O,Citrate 193/68
9,54429.7605562,C13_193.0_68.0,Q. [13C-glc] G7 0min,C4H3O,Citrate 193/68
10,54505.0880762,C13_193.0_68.0,Q. [13C-glc] G7 0min,C4H3O,Citrate 193/68
11,54893.2615819,C13_193.0_68.0,Q. [13C-glc] G7 0min,C4H3O,Citrate 193/68
0,57680.4648581,C13_194.0_68.0,T. [13C-glc] G7 30min,C4H3O,Citrate 194/68
1,56547.3410248,C13_194.0_68.0,T. [13C-glc] G7 30min,C4H3O,Citrate 194/68
2,55590.9913939,C13_194.0_68.0,T. [13C-glc] G7 30min,C4H3O,Citrate 194/68
3,56839.5515139,C13_194.0_68.0,T. [13C-glc] G7 30min,C4H3O,Citrate 194/68
4,57481.8032539,C13_194.0_68.0,T. [13C-glc] G7 30min,C4H3O,Citrate 194/68
5,58891.6930977,C13_194.0_68.0,T. [13C-glc] G7 30min,C4H3O,Citrate 194/68
6,55858.6349185,C13_194.0_68.0,Q. [13C-glc] G7 0min,C4H3O,Citrate 194/68
7,55245.6841462,C13_194.0_68.0,Q. [13C-glc] G7 0min,C4H3O,Citrate 194/68
8,55000.643199,C13_194.0_68.0,Q. [13C-glc] G7 0min,C4H3O,Citrate 194/68
9,54557.8949539,C13_194.0_68.0,Q. [13C-glc] G7 0min,C4H3O,Citrate 194/68
10,55181.5003069,C13_194.0_68.0,Q. [13C-glc] G7 0min,C4H3O,Citrate 194/68
11,54224.6655139,C13_194.0_68.0,Q. [13C-glc] G7 0min,C4H3O,Citrate 194/68
0,26706.4010576,C13_195.0_69.0,T. [13C-glc] G7 30min,C4H3O,Citrate 195/69
1,21745.3822762,C13_195.0_69.0,T. [13C-glc] G7 30min,C4H3O,Citrate 195/69
2,6717.71672587,C13_195.0_69.0,T. [13C-glc] G7 30min,C4H3O,Citrate 195/69
3,29612.5352459,C13_195.0_69.0,T. [13C-glc] G7 30min,C4H3O,Citrate 195/69
4,25316.9094939,C13_195.0_69.0,T. [13C-glc] G7 30min,C4H3O,Citrate 195/69
5,32123.785799,C13_195.0_69.0,T. [13C-glc] G7 30min,C4H3O,Citrate 195/69
6,0.0,C13_195.0_69.0,Q. [13C-glc] G7 0min,C4H3O,Citrate 195/69
7,0.0,C13_195.0_69.0,Q. [13C-glc] G7 0min,C4H3O,Citrate 195/69
8,0.0,C13_195.0_69.0,Q. [13C-glc] G7 0min,C4H3O,Citrate 195/69
9,0.0,C13_195.0_69.0,Q. [13C-glc] G7 0min,C4H3O,Citrate 195/69
10,0.0,C13_195.0_69.0,Q. [13C-glc] G7 0min,C4H3O,Citrate 195/69
11,0.0,C13_195.0_69.0,Q. [13C-glc] G7 0min,C4H3O,Citrate 195/69
0,10681.5786641,C13_194.0_70.0,T. [13C-glc] G7 30min,C4H3O,Citrate 194/70
1,9517.49328412,C13_194.0_70.0,T. [13C-glc] G7 30min,C4H3O,Citrate 194/70
2,2926.04162412,C13_194.0_70.0,T. [13C-glc] G7 30min,C4H3O,Citrate 194/70
3,10840.8194641,C13_194.0_70.0,T. [13C-glc] G7 30min,C4H3O,Citrate 194/70
4,9025.70926412,C13_194.0_70.0,T. [13C-glc] G7 30min,C4H3O,Citrate 194/70
5,12968.3871603,C13_194.0_70.0,T. [13C-glc] G7 30min,C4H3O,Citrate 194/70
6,0.0,C13_194.0_70.0,Q. [13C-glc] G7 0min,C4H3O,Citrate 194/70
7,0.0,C13_194.0_70.0,Q. [13C-glc] G7 0min,C4H3O,Citrate 194/70
8,0.0,C13_194.0_70.0,Q. [13C-glc] G7 0min,C4H3O,Citrate 194/70
9,0.0,C13_194.0_70.0,Q. [13C-glc] G7 0min,C4H3O,Citrate 194/70
10,0.0,C13_194.0_70.0,Q. [13C-glc] G7 0min,C4H3O,Citrate 194/70
11,0.0,C13_194.0_70.0,Q. [13C-glc] G7 0min,C4H3O,Citrate 194/70
0,43515.0018804,C13_192.0_68.0,T. [13C-glc] G7 30min,C4H3O,Citrate 192/68
1,39975.8074435,C13_192.0_68.0,T. [13C-glc] G7 30min,C4H3O,Citrate 192/68
2,9960.6790256,C13_192.0_68.0,T. [13C-glc] G7 30min,C4H3O,Citrate 192/68
3,41285.5280256,C13_192.0_68.0,T. [13C-glc] G7 30min,C4H3O,Citrate 192/68
4,35299.8378256,C13_192.0_68.0,T. [13C-glc] G7 30min,C4H3O,Citrate 192/68
5,49399.5541256,C13_192.0_68.0,T. [13C-glc] G7 30min,C4H3O,Citrate 192/68
6,57014.5019256,C13_192.0_68.0,Q. [13C-glc] G7 0min,C4H3O,Citrate 192/68
7,67323.0968256,C13_192.0_68.0,Q. [13C-glc] G7 0min,C4H3O,Citrate 192/68
8,54354.3194256,C13_192.0_68.0,Q. [13C-glc] G7 0min,C4H3O,Citrate 192/68
9,51793.8133256,C13_192.0_68.0,Q. [13C-glc] G7 0min,C4H3O,Citrate 192/68
10,61337.5965256,C13_192.0_68.0,Q. [13C-glc] G7 0min,C4H3O,Citrate 192/68
11,60905.2786256,C13_192.0_68.0,Q. [13C-glc] G7 0min,C4H3O,Citrate 192/68
0,349081.430801,C13_193.0_69.0,T. [13C-glc] G7 30min,C4H3O,Citrate 193/69
1,296277.287781,C13_193.0_69.0,T. [13C-glc] G7 30min,C4H3O,Citrate 193/69
2,112476.465938,C13_193.0_69.0,T. [13C-glc] G7 30min,C4H3O,Citrate 193/69
3,319962.681818,C13_193.0_69.0,T. [13C-glc] G7 30min,C4H3O,Citrate 193/69
4,295041.837218,C13_193.0_69.0,T. [13C-glc] G7 30min,C4H3O,Citrate 193/69
5,378250.071518,C13_193.0_69.0,T. [13C-glc] G7 30min,C4H3O,Citrate 193/69
6,0.0,C13_193.0_69.0,Q. [13C-glc] G7 0min,C4H3O,Citrate 193/69
7,0.0,C13_193.0_69.0,Q. [13C-glc] G7 0min,C4H3O,Citrate 193/69
8,0.0,C13_193.0_69.0,Q. [13C-glc] G7 0min,C4H3O,Citrate 193/69
9,0.0,C13_193.0_69.0,Q. [13C-glc] G7 0min,C4H3O,Citrate 193/69
10,0.0,C13_193.0_69.0,Q. [13C-glc] G7 0min,C4H3O,Citrate 193/69
11,0.0,C13_193.0_69.0,Q. [13C-glc] G7 0min,C4H3O,Citrate 193/69
0,4056.84042426,C13_89.0_89.0,T. [13C-glc] G7 30min,C3H3O3,Pyruvate 89/89
1,2124.71571417,C13_89.0_89.0,T. [13C-glc] G7 30min,C3H3O3,Pyruvate 89/89
2,1189.40846494,C13_89.0_89.0,T. [13C-glc] G7 30min,C3H3O3,Pyruvate 89/89
3,5689.33259547,C13_89.0_89.0,T. [13C-glc] G7 30min,C3H3O3,Pyruvate 89/89
4,4056.47910897,C13_89.0_89.0,T. [13C-glc] G7 30min,C3H3O3,Pyruvate 89/89
5,4816.78030873,C13_89.0_89.0,T. [13C-glc] G7 30min,C3H3O3,Pyruvate 89/89
6,0.0,C13_89.0_89.0,Q. [13C-glc] G7 0min,C3H3O3,Pyruvate 89/89
7,0.0,C13_89.0_89.0,Q. [13C-glc] G7 0min,C3H3O3,Pyruvate 89/89
8,57.7392382817,C13_89.0_89.0,Q. [13C-glc] G7 0min,C3H3O3,Pyruvate 89/89
9,0.0,C13_89.0_89.0,Q. [13C-glc] G7 0min,C3H3O3,Pyruvate 89/89
10,0.0,C13_89.0_89.0,Q. [13C-glc] G7 0min,C3H3O3,Pyruvate 89/89
11,0.0,C13_89.0_89.0,Q. [13C-glc] G7 0min,C3H3O3,Pyruvate 89/89
0,132902.652587,C13_90.0_90.0,T. [13C-glc] G7 30min,C3H3O3,Pyruvate 90/90
1,149481.709886,C13_90.0_90.0,T. [13C-glc] G7 30min,C3H3O3,Pyruvate 90/90
2,85088.7199742,C13_90.0_90.0,T. [13C-glc] G7 30min,C3H3O3,Pyruvate 90/90
3,127472.352595,C13_90.0_90.0,T. [13C-glc] G7 30min,C3H3O3,Pyruvate 90/90
4,158308.269448,C13_90.0_90.0,T. [13C-glc] G7 30min,C3H3O3,Pyruvate 90/90
5,163520.3835,C13_90.0_90.0,T. [13C-glc] G7 30min,C3H3O3,Pyruvate 90/90
6,0.0,C13_90.0_90.0,Q. [13C-glc] G7 0min,C3H3O3,Pyruvate 90/90
7,0.0,C13_90.0_90.0,Q. [13C-glc] G7 0min,C3H3O3,Pyruvate 90/90
8,0.0,C13_90.0_90.0,Q. [13C-glc] G7 0min,C3H3O3,Pyruvate 90/90
9,0.0,C13_90.0_90.0,Q. [13C-glc] G7 0min,C3H3O3,Pyruvate 90/90
10,0.0,C13_90.0_90.0,Q. [13C-glc] G7 0min,C3H3O3,Pyruvate 90/90
11,0.0,C13_90.0_90.0,Q. [13C-glc] G7 0min,C3H3O3,Pyruvate 90/90
0,0.0,C13_88.0_88.0,T. [13C-glc] G7 30min,C3H3O3,Pyruvate 88/88
1,2568.28735589,C13_88.0_88.0,T. [13C-glc] G7 30min,C3H3O3,Pyruvate 88/88
2,0.0,C13_88.0_88.0,T. [13C-glc] G7 30min,C3H3O3,Pyruvate 88/88
3,1843.86775212,C13_88.0_88.0,T. [13C-glc] G7 30min,C3H3O3,Pyruvate 88/88
4,51.9618369634,C13_88.0_88.0,T. [13C-glc] G7 30min,C3H3O3,Pyruvate 88/88
5,0.0,C13_88.0_88.0,T. [13C-glc] G7 30min,C3H3O3,Pyruvate 88/88
6,4836.94319149,C13_88.0_88.0,Q. [13C-glc] G7 0min,C3H3O3,Pyruvate 88/88
7,4096.28492241,C13_88.0_88.0,Q. [13C-glc] G7 0min,C3H3O3,Pyruvate 88/88
8,250.894136963,C13_88.0_88.0,Q. [13C-glc] G7 0min,C3H3O3,Pyruvate 88/88
9,6061.89671196,C13_88.0_88.0,Q. [13C-glc] G7 0min,C3H3O3,Pyruvate 88/88
10,7067.75856342,C13_88.0_88.0,Q. [13C-glc] G7 0min,C3H3O3,Pyruvate 88/88
11,5107.76164084,C13_88.0_88.0,Q. [13C-glc] G7 0min,C3H3O3,Pyruvate 88/88
0,347.586160727,C13_149.0_43.0,T. [13C-glc] G7 30min,C2HO,Glutamate 149/43
1,1529.55988149,C13_149.0_43.0,T. [13C-glc] G7 30min,C2HO,Glutamate 149/43
2,613.339018491,C13_149.0_43.0,T. [13C-glc] G7 30min,C2HO,Glutamate 149/43
3,125.545749865,C13_149.0_43.0,T. [13C-glc] G7 30min,C2HO,Glutamate 149/43
4,777.121410686,C13_149.0_43.0,T. [13C-glc] G7 30min,C2HO,Glutamate 149/43
5,773.926663991,C13_149.0_43.0,T. [13C-glc] G7 30min,C2HO,Glutamate 149/43
6,0.0,C13_149.0_43.0,Q. [13C-glc] G7 0min,C2HO,Glutamate 149/43
7,0.0,C13_149.0_43.0,Q. [13C-glc] G7 0min,C2HO,Glutamate 149/43
8,0.0,C13_149.0_43.0,Q. [13C-glc] G7 0min,C2HO,Glutamate 149/43
9,0.0,C13_149.0_43.0,Q. [13C-glc] G7 0min,C2HO,Glutamate 149/43
10,0.0,C13_149.0_43.0,Q. [13C-glc] G7 0min,C2HO,Glutamate 149/43
11,0.0,C13_149.0_43.0,Q. [13C-glc] G7 0min,C2HO,Glutamate 149/43
0,1323.70684864,C13_148.0_42.0,T. [13C-glc] G7 30min,C2HO,Glutamate 148/42
1,1019.71281711,C13_148.0_42.0,T. [13C-glc] G7 30min,C2HO,Glutamate 148/42
2,659.332382137,C13_148.0_42.0,T. [13C-glc] G7 30min,C2HO,Glutamate 148/42
3,790.804604817,C13_148.0_42.0,T. [13C-glc] G7 30min,C2HO,Glutamate 148/42
4,909.742124823,C13_148.0_42.0,T. [13C-glc] G7 30min,C2HO,Glutamate 148/42
5,608.390808784,C13_148.0_42.0,T. [13C-glc] G7 30min,C2HO,Glutamate 148/42
6,659.332382137,C13_148.0_42.0,Q. [13C-glc] G7 0min,C2HO,Glutamate 148/42
7,689.565903327,C13_148.0_42.0,Q. [13C-glc] G7 0min,C2HO,Glutamate 148/42
8,647.568578107,C13_148.0_42.0,Q. [13C-glc] G7 0min,C2HO,Glutamate 148/42
9,583.055625284,C13_148.0_42.0,Q. [13C-glc] G7 0min,C2HO,Glutamate 148/42
10,627.531930113,C13_148.0_42.0,Q. [13C-glc] G7 0min,C2HO,Glutamate 148/42
11,610.590467113,C13_148.0_42.0,Q. [13C-glc] G7 0min,C2HO,Glutamate 148/42
0,0.0,C13_147.0_42.0,T. [13C-glc] G7 30min,C2HO,Glutamate 147/42
1,0.0,C13_147.0_42.0,T. [13C-glc] G7 30min,C2HO,Glutamate 147/42
2,0.0,C13_147.0_42.0,T. [13C-glc] G7 30min,C2HO,Glutamate 147/42
3,0.0,C13_147.0_42.0,T. [13C-glc] G7 30min,C2HO,Glutamate 147/42
4,156.063710772,C13_147.0_42.0,T. [13C-glc] G7 30min,C2HO,Glutamate 147/42
5,962.127758772,C13_147.0_42.0,T. [13C-glc] G7 30min,C2HO,Glutamate 147/42
6,0.0,C13_147.0_42.0,Q. [13C-glc] G7 0min,C2HO,Glutamate 147/42
7,1766.18158477,C13_147.0_42.0,Q. [13C-glc] G7 0min,C2HO,Glutamate 147/42
8,0.0,C13_147.0_42.0,Q. [13C-glc] G7 0min,C2HO,Glutamate 147/42
9,692.792984772,C13_147.0_42.0,Q. [13C-glc] G7 0min,C2HO,Glutamate 147/42
10,0.0,C13_147.0_42.0,Q. [13C-glc] G7 0min,C2HO,Glutamate 147/42
11,0.0,C13_147.0_42.0,Q. [13C-glc] G7 0min,C2HO,Glutamate 147/42
0,0.0,C13_147.0_41.0,T. [13C-glc] G7 30min,C2HO,Glutamate 147/41
1,1776.12232205,C13_147.0_41.0,T. [13C-glc] G7 30min,C2HO,Glutamate 147/41
2,0.0,C13_147.0_41.0,T. [13C-glc] G7 30min,C2HO,Glutamate 147/41
3,0.0,C13_147.0_41.0,T. [13C-glc] G7 30min,C2HO,Glutamate 147/41
4,0.0,C13_147.0_41.0,T. [13C-glc] G7 30min,C2HO,Glutamate 147/41
5,974.217570048,C13_147.0_41.0,T. [13C-glc] G7 30min,C2HO,Glutamate 147/41
6,0.0,C13_147.0_41.0,Q. [13C-glc] G7 0min,C2HO,Glutamate 147/41
7,2047.64166605,C13_147.0_41.0,Q. [13C-glc] G7 0min,C2HO,Glutamate 147/41
8,558.24597306,C13_147.0_41.0,Q. [13C-glc] G7 0min,C2HO,Glutamate 147/41
9,2580.48934805,C13_147.0_41.0,Q. [13C-glc] G7 0min,C2HO,Glutamate 147/41
10,1509.07599605,C13_147.0_41.0,Q. [13C-glc] G7 0min,C2HO,Glutamate 147/41
11,2313.02542205,C13_147.0_41.0,Q. [13C-glc] G7 0min,C2HO,Glutamate 147/41
0,123.492226509,C13_149.0_41.0,T. [13C-glc] G7 30min,C2HO,Glutamate 149/41
1,0.0,C13_149.0_41.0,T. [13C-glc] G7 30min,C2HO,Glutamate 149/41
2,257.90304613,C13_149.0_41.0,T. [13C-glc] G7 30min,C2HO,Glutamate 149/41
3,759.602248682,C13_149.0_41.0,T. [13C-glc] G7 30min,C2HO,Glutamate 149/41
4,395.613762841,C13_149.0_41.0,T. [13C-glc] G7 30min,C2HO,Glutamate 149/41
5,0.0,C13_149.0_41.0,T. [13C-glc] G7 30min,C2HO,Glutamate 149/41
6,0.0394648407744,C13_149.0_41.0,Q. [13C-glc] G7 0min,C2HO,Glutamate 149/41
7,0.0,C13_149.0_41.0,Q. [13C-glc] G7 0min,C2HO,Glutamate 149/41
8,0.0,C13_149.0_41.0,Q. [13C-glc] G7 0min,C2HO,Glutamate 149/41
9,0.0394648407744,C13_149.0_41.0,Q. [13C-glc] G7 0min,C2HO,Glutamate 149/41
10,0.0394648407744,C13_149.0_41.0,Q. [13C-glc] G7 0min,C2HO,Glutamate 149/41
11,0.0394648407744,C13_149.0_41.0,Q. [13C-glc] G7 0min,C2HO,Glutamate 149/41
0,788.265897023,C13_148.0_41.0,T. [13C-glc] G7 30min,C2HO,Glutamate 148/41
1,107.062947406,C13_148.0_41.0,T. [13C-glc] G7 30min,C2HO,Glutamate 148/41
2,550.68569916,C13_148.0_41.0,T. [13C-glc] G7 30min,C2HO,Glutamate 148/41
3,1479.53399066,C13_148.0_41.0,T. [13C-glc] G7 30min,C2HO,Glutamate 148/41
4,0.0,C13_148.0_41.0,T. [13C-glc] G7 30min,C2HO,Glutamate 148/41
5,794.664640636,C13_148.0_41.0,T. [13C-glc] G7 30min,C2HO,Glutamate 148/41
6,0.0,C13_148.0_41.0,Q. [13C-glc] G7 0min,C2HO,Glutamate 148/41
7,0.0,C13_148.0_41.0,Q. [13C-glc] G7 0min,C2HO,Glutamate 148/41
8,7.77912012996,C13_148.0_41.0,Q. [13C-glc] G7 0min,C2HO,Glutamate 148/41
9,0.0,C13_148.0_41.0,Q. [13C-glc] G7 0min,C2HO,Glutamate 148/41
10,0.0,C13_148.0_41.0,Q. [13C-glc] G7 0min,C2HO,Glutamate 148/41
11,0.0,C13_148.0_41.0,Q. [13C-glc] G7 0min,C2HO,Glutamate 148/41
0,507.559210376,C13_150.0_42.0,T. [13C-glc] G7 30min,C2HO,Glutamate 150/42
1,507.626130802,C13_150.0_42.0,T. [13C-glc] G7 30min,C2HO,Glutamate 150/42
2,504.720286376,C13_150.0_42.0,T. [13C-glc] G7 30min,C2HO,Glutamate 150/42
3,492.352638294,C13_150.0_42.0,T. [13C-glc] G7 30min,C2HO,Glutamate 150/42
4,618.531443461,C13_150.0_42.0,T. [13C-glc] G7 30min,C2HO,Glutamate 150/42
5,510.397397376,C13_150.0_42.0,T. [13C-glc] G7 30min,C2HO,Glutamate 150/42
6,638.268639463,C13_150.0_42.0,Q. [13C-glc] G7 0min,C2HO,Glutamate 150/42
7,510.397397376,C13_150.0_42.0,Q. [13C-glc] G7 0min,C2HO,Glutamate 150/42
8,510.397397376,C13_150.0_42.0,Q. [13C-glc] G7 0min,C2HO,Glutamate 150/42
9,510.397397376,C13_150.0_42.0,Q. [13C-glc] G7 0min,C2HO,Glutamate 150/42
10,510.397397376,C13_150.0_42.0,Q. [13C-glc] G7 0min,C2HO,Glutamate 150/42
11,510.397397376,C13_150.0_42.0,Q. [13C-glc] G7 0min,C2HO,Glutamate 150/42
0,607.332327337,C13_149.0_42.0,T. [13C-glc] G7 30min,C2HO,Glutamate 149/42
1,884.19589838,C13_149.0_42.0,T. [13C-glc] G7 30min,C2HO,Glutamate 149/42
2,626.541429579,C13_149.0_42.0,T. [13C-glc] G7 30min,C2HO,Glutamate 149/42
3,729.846253187,C13_149.0_42.0,T. [13C-glc] G7 30min,C2HO,Glutamate 149/42
4,632.83140439,C13_149.0_42.0,T. [13C-glc] G7 30min,C2HO,Glutamate 149/42
5,620.908142579,C13_149.0_42.0,T. [13C-glc] G7 30min,C2HO,Glutamate 149/42
6,638.269489,C13_149.0_42.0,Q. [13C-glc] G7 0min,C2HO,Glutamate 149/42
7,635.307602877,C13_149.0_42.0,Q. [13C-glc] G7 0min,C2HO,Glutamate 149/42
8,637.853279579,C13_149.0_42.0,Q. [13C-glc] G7 0min,C2HO,Glutamate 149/42
9,638.269489,C13_149.0_42.0,Q. [13C-glc] G7 0min,C2HO,Glutamate 149/42
10,638.269489,C13_149.0_42.0,Q. [13C-glc] G7 0min,C2HO,Glutamate 149/42
11,638.269489,C13_149.0_42.0,Q. [13C-glc] G7 0min,C2HO,Glutamate 149/42
0,5202.6841351,C13_148.0_43.0,T. [13C-glc] G7 30min,C2HO,Glutamate 148/43
1,13423.8058546,C13_148.0_43.0,T. [13C-glc] G7 30min,C2HO,Glutamate 148/43
2,5336.3631156,C13_148.0_43.0,T. [13C-glc] G7 30min,C2HO,Glutamate 148/43
3,12365.9456766,C13_148.0_43.0,T. [13C-glc] G7 30min,C2HO,Glutamate 148/43
4,8252.84924666,C13_148.0_43.0,T. [13C-glc] G7 30min,C2HO,Glutamate 148/43
5,12620.4200457,C13_148.0_43.0,T. [13C-glc] G7 30min,C2HO,Glutamate 148/43
6,0.0,C13_148.0_43.0,Q. [13C-glc] G7 0min,C2HO,Glutamate 148/43
7,0.0,C13_148.0_43.0,Q. [13C-glc] G7 0min,C2HO,Glutamate 148/43
8,0.0,C13_148.0_43.0,Q. [13C-glc] G7 0min,C2HO,Glutamate 148/43
9,2.77756458237,C13_148.0_43.0,Q. [13C-glc] G7 0min,C2HO,Glutamate 148/43
10,0.0,C13_148.0_43.0,Q. [13C-glc] G7 0min,C2HO,Glutamate 148/43
11,0.0,C13_148.0_43.0,Q. [13C-glc] G7 0min,C2HO,Glutamate 148/43
0,624.972420094,C13_151.0_43.0,T. [13C-glc] G7 30min,C2HO,Glutamate 151/43
1,755.540608593,C13_151.0_43.0,T. [13C-glc] G7 30min,C2HO,Glutamate 151/43
2,244.377611594,C13_151.0_43.0,T. [13C-glc] G7 30min,C2HO,Glutamate 151/43
3,885.852246094,C13_151.0_43.0,T. [13C-glc] G7 30min,C2HO,Glutamate 151/43
4,868.583619809,C13_151.0_43.0,T. [13C-glc] G7 30min,C2HO,Glutamate 151/43
5,577.051306794,C13_151.0_43.0,T. [13C-glc] G7 30min,C2HO,Glutamate 151/43
6,0.0,C13_151.0_43.0,Q. [13C-glc] G7 0min,C2HO,Glutamate 151/43
7,0.0,C13_151.0_43.0,Q. [13C-glc] G7 0min,C2HO,Glutamate 151/43
8,0.0,C13_151.0_43.0,Q. [13C-glc] G7 0min,C2HO,Glutamate 151/43
9,0.0,C13_151.0_43.0,Q. [13C-glc] G7 0min,C2HO,Glutamate 151/43
10,0.0,C13_151.0_43.0,Q. [13C-glc] G7 0min,C2HO,Glutamate 151/43
11,0.0,C13_151.0_43.0,Q. [13C-glc] G7 0min,C2HO,Glutamate 151/43
0,1283.63440797,C13_150.0_43.0,T. [13C-glc] G7 30min,C2HO,Glutamate 150/43
1,1109.55649843,C13_150.0_43.0,T. [13C-glc] G7 30min,C2HO,Glutamate 150/43
2,629.830558006,C13_150.0_43.0,T. [13C-glc] G7 30min,C2HO,Glutamate 150/43
3,1025.29350688,C13_150.0_43.0,T. [13C-glc] G7 30min,C2HO,Glutamate 150/43
4,2311.97776801,C13_150.0_43.0,T. [13C-glc] G7 30min,C2HO,Glutamate 150/43
5,2696.82233401,C13_150.0_43.0,T. [13C-glc] G7 30min,C2HO,Glutamate 150/43
6,0.0,C13_150.0_43.0,Q. [13C-glc] G7 0min,C2HO,Glutamate 150/43
7,0.0,C13_150.0_43.0,Q. [13C-glc] G7 0min,C2HO,Glutamate 150/43
8,0.0,C13_150.0_43.0,Q. [13C-glc] G7 0min,C2HO,Glutamate 150/43
9,0.0,C13_150.0_43.0,Q. [13C-glc] G7 0min,C2HO,Glutamate 150/43
10,0.0,C13_150.0_43.0,Q. [13C-glc] G7 0min,C2HO,Glutamate 150/43
11,0.0,C13_150.0_43.0,Q. [13C-glc] G7 0min,C2HO,Glutamate 150/43
0,881339.347821,C13_192.0_112.0,T. [13C-glc] G7 30min,C5H3O3,Citrate 192/112
1,757005.395509,C13_192.0_112.0,T. [13C-glc] G7 30min,C5H3O3,Citrate 192/112
2,291702.445759,C13_192.0_112.0,T. [13C-glc] G7 30min,C5H3O3,Citrate 192/112
3,749285.170103,C13_192.0_112.0,T. [13C-glc] G7 30min,C5H3O3,Citrate 192/112
4,735819.437274,C13_192.0_112.0,T. [13C-glc] G7 30min,C5H3O3,Citrate 192/112
5,957774.322009,C13_192.0_112.0,T. [13C-glc] G7 30min,C5H3O3,Citrate 192/112
6,1192462.92276,C13_192.0_112.0,Q. [13C-glc] G7 0min,C5H3O3,Citrate 192/112
7,1218006.74101,C13_192.0_112.0,Q. [13C-glc] G7 0min,C5H3O3,Citrate 192/112
8,1065018.55351,C13_192.0_112.0,Q. [13C-glc] G7 0min,C5H3O3,Citrate 192/112
9,1090955.62301,C13_192.0_112.0,Q. [13C-glc] G7 0min,C5H3O3,Citrate 192/112
10,1232577.36816,C13_192.0_112.0,Q. [13C-glc] G7 0min,C5H3O3,Citrate 192/112
11,1162995.27466,C13_192.0_112.0,Q. [13C-glc] G7 0min,C5H3O3,Citrate 192/112
0,1116446.92759,C13_195.0_114.0,T. [13C-glc] G7 30min,C5H3O3,Citrate 195/114
1,959837.188739,C13_195.0_114.0,T. [13C-glc] G7 30min,C5H3O3,Citrate 195/114
2,375828.737617,C13_195.0_114.0,T. [13C-glc] G7 30min,C5H3O3,Citrate 195/114
3,994037.184972,C13_195.0_114.0,T. [13C-glc] G7 30min,C5H3O3,Citrate 195/114
4,937633.970309,C13_195.0_114.0,T. [13C-glc] G7 30min,C5H3O3,Citrate 195/114
5,1254952.43532,C13_195.0_114.0,T. [13C-glc] G7 30min,C5H3O3,Citrate 195/114
6,0.0,C13_195.0_114.0,Q. [13C-glc] G7 0min,C5H3O3,Citrate 195/114
7,0.0,C13_195.0_114.0,Q. [13C-glc] G7 0min,C5H3O3,Citrate 195/114
8,0.0,C13_195.0_114.0,Q. [13C-glc] G7 0min,C5H3O3,Citrate 195/114
9,0.0,C13_195.0_114.0,Q. [13C-glc] G7 0min,C5H3O3,Citrate 195/114
10,0.0,C13_195.0_114.0,Q. [13C-glc] G7 0min,C5H3O3,Citrate 195/114
11,0.0,C13_195.0_114.0,Q. [13C-glc] G7 0min,C5H3O3,Citrate 195/114
0,361011.265327,C13_196.0_116.0,T. [13C-glc] G7 30min,C5H3O3,Citrate 196/116
1,335780.152786,C13_196.0_116.0,T. [13C-glc] G7 30min,C5H3O3,Citrate 196/116
2,123235.778508,C13_196.0_116.0,T. [13C-glc] G7 30min,C5H3O3,Citrate 196/116
3,316153.66123,C13_196.0_116.0,T. [13C-glc] G7 30min,C5H3O3,Citrate 196/116
4,279656.642093,C13_196.0_116.0,T. [13C-glc] G7 30min,C5H3O3,Citrate 196/116
5,358825.651777,C13_196.0_116.0,T. [13C-glc] G7 30min,C5H3O3,Citrate 196/116
6,0.00346415242352,C13_196.0_116.0,Q. [13C-glc] G7 0min,C5H3O3,Citrate 196/116
7,0.0,C13_196.0_116.0,Q. [13C-glc] G7 0min,C5H3O3,Citrate 196/116
8,0.0,C13_196.0_116.0,Q. [13C-glc] G7 0min,C5H3O3,Citrate 196/116
9,0.0,C13_196.0_116.0,Q. [13C-glc] G7 0min,C5H3O3,Citrate 196/116
10,0.0,C13_196.0_116.0,Q. [13C-glc] G7 0min,C5H3O3,Citrate 196/116
11,0.0,C13_196.0_116.0,Q. [13C-glc] G7 0min,C5H3O3,Citrate 196/116
0,176428.548702,C13_192.0_111.0,T. [13C-glc] G7 30min,C5H3O3,Citrate 192/111
1,152485.587452,C13_192.0_111.0,T. [13C-glc] G7 30min,C5H3O3,Citrate 192/111
2,14316.8794517,C13_192.0_111.0,T. [13C-glc] G7 30min,C5H3O3,Citrate 192/111
3,141678.220202,C13_192.0_111.0,T. [13C-glc] G7 30min,C5H3O3,Citrate 192/111
4,125338.637727,C13_192.0_111.0,T. [13C-glc] G7 30min,C5H3O3,Citrate 192/111
5,203031.639702,C13_192.0_111.0,T. [13C-glc] G7 30min,C5H3O3,Citrate 192/111
6,223648.607952,C13_192.0_111.0,Q. [13C-glc] G7 0min,C5H3O3,Citrate 192/111
7,243601.348202,C13_192.0_111.0,Q. [13C-glc] G7 0min,C5H3O3,Citrate 192/111
8,185406.545952,C13_192.0_111.0,Q. [13C-glc] G7 0min,C5H3O3,Citrate 192/111
9,204444.864952,C13_192.0_111.0,Q. [13C-glc] G7 0min,C5H3O3,Citrate 192/111
10,239111.407251,C13_192.0_111.0,Q. [13C-glc] G7 0min,C5H3O3,Citrate 192/111
11,214753.533702,C13_192.0_111.0,Q. [13C-glc] G7 0min,C5H3O3,Citrate 192/111
0,4840104.2941,C13_193.0_113.0,T. [13C-glc] G7 30min,C5H3O3,Citrate 193/113
1,4270402.15535,C13_193.0_113.0,T. [13C-glc] G7 30min,C5H3O3,Citrate 193/113
2,1509825.69335,C13_193.0_113.0,T. [13C-glc] G7 30min,C5H3O3,Citrate 193/113
3,4104875.96671,C13_193.0_113.0,T. [13C-glc] G7 30min,C5H3O3,Citrate 193/113
4,4012803.55514,C13_193.0_113.0,T. [13C-glc] G7 30min,C5H3O3,Citrate 193/113
5,5310016.93937,C13_193.0_113.0,T. [13C-glc] G7 30min,C5H3O3,Citrate 193/113
6,0.0,C13_193.0_113.0,Q. [13C-glc] G7 0min,C5H3O3,Citrate 193/113
7,0.0,C13_193.0_113.0,Q. [13C-glc] G7 0min,C5H3O3,Citrate 193/113
8,0.0,C13_193.0_113.0,Q. [13C-glc] G7 0min,C5H3O3,Citrate 193/113
9,0.0,C13_193.0_113.0,Q. [13C-glc] G7 0min,C5H3O3,Citrate 193/113
10,0.0,C13_193.0_113.0,Q. [13C-glc] G7 0min,C5H3O3,Citrate 193/113
11,0.0,C13_193.0_113.0,Q. [13C-glc] G7 0min,C5H3O3,Citrate 193/113
0,244334.815532,C13_194.0_113.0,T. [13C-glc] G7 30min,C5H3O3,Citrate 194/113
1,180125.993149,C13_194.0_113.0,T. [13C-glc] G7 30min,C5H3O3,Citrate 194/113
2,60250.4690427,C13_194.0_113.0,T. [13C-glc] G7 30min,C5H3O3,Citrate 194/113
3,195548.167609,C13_194.0_113.0,T. [13C-glc] G7 30min,C5H3O3,Citrate 194/113
4,203329.813449,C13_194.0_113.0,T. [13C-glc] G7 30min,C5H3O3,Citrate 194/113
5,252853.445044,C13_194.0_113.0,T. [13C-glc] G7 30min,C5H3O3,Citrate 194/113
6,0.0,C13_194.0_113.0,Q. [13C-glc] G7 0min,C5H3O3,Citrate 194/113
7,0.0,C13_194.0_113.0,Q. [13C-glc] G7 0min,C5H3O3,Citrate 194/113
8,0.0,C13_194.0_113.0,Q. [13C-glc] G7 0min,C5H3O3,Citrate 194/113
9,0.0,C13_194.0_113.0,Q. [13C-glc] G7 0min,C5H3O3,Citrate 194/113
10,0.0,C13_194.0_113.0,Q. [13C-glc] G7 0min,C5H3O3,Citrate 194/113
11,0.0,C13_194.0_113.0,Q. [13C-glc] G7 0min,C5H3O3,Citrate 194/113
0,5798023.09246,C13_193.0_112.0,T. [13C-glc] G7 30min,C5H3O3,Citrate 193/112
1,5262621.35967,C13_193.0_112.0,T. [13C-glc] G7 30min,C5H3O3,Citrate 193/112
2,2600651.88462,C13_193.0_112.0,T. [13C-glc] G7 30min,C5H3O3,Citrate 193/112
3,5027638.6586,C13_193.0_112.0,T. [13C-glc] G7 30min,C5H3O3,Citrate 193/112
4,4894218.85114,C13_193.0_112.0,T. [13C-glc] G7 30min,C5H3O3,Citrate 193/112
5,6206022.82972,C13_193.0_112.0,T. [13C-glc] G7 30min,C5H3O3,Citrate 193/112
6,1030756.42392,C13_193.0_112.0,Q. [13C-glc] G7 0min,C5H3O3,Citrate 193/112
7,1033069.44802,C13_193.0_112.0,Q. [13C-glc] G7 0min,C5H3O3,Citrate 193/112
8,1041959.96322,C13_193.0_112.0,Q. [13C-glc] G7 0min,C5H3O3,Citrate 193/112
9,1043607.02997,C13_193.0_112.0,Q. [13C-glc] G7 0min,C5H3O3,Citrate 193/112
10,1029860.91154,C13_193.0_112.0,Q. [13C-glc] G7 0min,C5H3O3,Citrate 193/112
11,1038011.69664,C13_193.0_112.0,Q. [13C-glc] G7 0min,C5H3O3,Citrate 193/112
0,459550.324488,C13_195.0_115.0,T. [13C-glc] G7 30min,C5H3O3,Citrate 195/115
1,399885.803303,C13_195.0_115.0,T. [13C-glc] G7 30min,C5H3O3,Citrate 195/115
2,154854.629501,C13_195.0_115.0,T. [13C-glc] G7 30min,C5H3O3,Citrate 195/115
3,380408.410588,C13_195.0_115.0,T. [13C-glc] G7 30min,C5H3O3,Citrate 195/115
4,394887.856388,C13_195.0_115.0,T. [13C-glc] G7 30min,C5H3O3,Citrate 195/115
5,498700.576188,C13_195.0_115.0,T. [13C-glc] G7 30min,C5H3O3,Citrate 195/115
6,0.0,C13_195.0_115.0,Q. [13C-glc] G7 0min,C5H3O3,Citrate 195/115
7,0.0,C13_195.0_115.0,Q. [13C-glc] G7 0min,C5H3O3,Citrate 195/115
8,0.0,C13_195.0_115.0,Q. [13C-glc] G7 0min,C5H3O3,Citrate 195/115
9,0.0,C13_195.0_115.0,Q. [13C-glc] G7 0min,C5H3O3,Citrate 195/115
10,0.0,C13_195.0_115.0,Q. [13C-glc] G7 0min,C5H3O3,Citrate 195/115
11,0.0,C13_195.0_115.0,Q. [13C-glc] G7 0min,C5H3O3,Citrate 195/115
0,453500.842005,C13_194.0_114.0,T. [13C-glc] G7 30min,C5H3O3,Citrate 194/114
1,392216.000103,C13_194.0_114.0,T. [13C-glc] G7 30min,C5H3O3,Citrate 194/114
2,136737.292892,C13_194.0_114.0,T. [13C-glc] G7 30min,C5H3O3,Citrate 194/114
3,396409.650805,C13_194.0_114.0,T. [13C-glc] G7 30min,C5H3O3,Citrate 194/114
4,377440.771655,C13_194.0_114.0,T. [13C-glc] G7 30min,C5H3O3,Citrate 194/114
5,490968.73644,C13_194.0_114.0,T. [13C-glc] G7 30min,C5H3O3,Citrate 194/114
6,0.0,C13_194.0_114.0,Q. [13C-glc] G7 0min,C5H3O3,Citrate 194/114
7,0.0,C13_194.0_114.0,Q. [13C-glc] G7 0min,C5H3O3,Citrate 194/114
8,0.0,C13_194.0_114.0,Q. [13C-glc] G7 0min,C5H3O3,Citrate 194/114
9,0.0,C13_194.0_114.0,Q. [13C-glc] G7 0min,C5H3O3,Citrate 194/114
10,0.0,C13_194.0_114.0,Q. [13C-glc] G7 0min,C5H3O3,Citrate 194/114
11,0.0,C13_194.0_114.0,Q. [13C-glc] G7 0min,C5H3O3,Citrate 194/114
0,169529.755327,C13_197.0_116.0,T. [13C-glc] G7 30min,C5H3O3,Citrate 197/116
1,160683.081977,C13_197.0_116.0,T. [13C-glc] G7 30min,C5H3O3,Citrate 197/116
2,61870.9620775,C13_197.0_116.0,T. [13C-glc] G7 30min,C5H3O3,Citrate 197/116
3,152821.176225,C13_197.0_116.0,T. [13C-glc] G7 30min,C5H3O3,Citrate 197/116
4,141395.268411,C13_197.0_116.0,T. [13C-glc] G7 30min,C5H3O3,Citrate 197/116
5,188381.091427,C13_197.0_116.0,T. [13C-glc] G7 30min,C5H3O3,Citrate 197/116
6,0.0,C13_197.0_116.0,Q. [13C-glc] G7 0min,C5H3O3,Citrate 197/116
7,0.0,C13_197.0_116.0,Q. [13C-glc] G7 0min,C5H3O3,Citrate 197/116
8,0.0,C13_197.0_116.0,Q. [13C-glc] G7 0min,C5H3O3,Citrate 197/116
9,0.0,C13_197.0_116.0,Q. [13C-glc] G7 0min,C5H3O3,Citrate 197/116
10,0.00351590741843,C13_197.0_116.0,Q. [13C-glc] G7 0min,C5H3O3,Citrate 197/116
11,0.0,C13_197.0_116.0,Q. [13C-glc] G7 0min,C5H3O3,Citrate 197/116
0,884950.219881,C13_196.0_115.0,T. [13C-glc] G7 30min,C5H3O3,Citrate 196/115
1,795374.768691,C13_196.0_115.0,T. [13C-glc] G7 30min,C5H3O3,Citrate 196/115
2,292767.210913,C13_196.0_115.0,T. [13C-glc] G7 30min,C5H3O3,Citrate 196/115
3,735892.729081,C13_196.0_115.0,T. [13C-glc] G7 30min,C5H3O3,Citrate 196/115
4,740147.575845,C13_196.0_115.0,T. [13C-glc] G7 30min,C5H3O3,Citrate 196/115
5,910659.595431,C13_196.0_115.0,T. [13C-glc] G7 30min,C5H3O3,Citrate 196/115
6,0.0,C13_196.0_115.0,Q. [13C-glc] G7 0min,C5H3O3,Citrate 196/115
7,0.0,C13_196.0_115.0,Q. [13C-glc] G7 0min,C5H3O3,Citrate 196/115
8,0.0,C13_196.0_115.0,Q. [13C-glc] G7 0min,C5H3O3,Citrate 196/115
9,0.0,C13_196.0_115.0,Q. [13C-glc] G7 0min,C5H3O3,Citrate 196/115
10,0.0,C13_196.0_115.0,Q. [13C-glc] G7 0min,C5H3O3,Citrate 196/115
11,0.0,C13_196.0_115.0,Q. [13C-glc] G7 0min,C5H3O3,Citrate 196/115
0,30277.9598372,C13_134.0_116.0,T. [13C-glc] G7 30min,C4H3O4,Malate 134/116
1,0.0,C13_134.0_116.0,T. [13C-glc] G7 30min,C4H3O4,Malate 134/116
2,6671.67080973,C13_134.0_116.0,T. [13C-glc] G7 30min,C4H3O4,Malate 134/116
3,1635.00453173,C13_134.0_116.0,T. [13C-glc] G7 30min,C4H3O4,Malate 134/116
4,8531.32131223,C13_134.0_116.0,T. [13C-glc] G7 30min,C4H3O4,Malate 134/116
5,7868.31660373,C13_134.0_116.0,T. [13C-glc] G7 30min,C4H3O4,Malate 134/116
6,23117.3758317,C13_134.0_116.0,Q. [13C-glc] G7 0min,C4H3O4,Malate 134/116
7,44.012537226,C13_134.0_116.0,Q. [13C-glc] G7 0min,C4H3O4,Malate 134/116
8,12111.8718232,C13_134.0_116.0,Q. [13C-glc] G7 0min,C4H3O4,Malate 134/116
9,8664.75960373,C13_134.0_116.0,Q. [13C-glc] G7 0min,C4H3O4,Malate 134/116
10,2827.02610123,C13_134.0_116.0,Q. [13C-glc] G7 0min,C4H3O4,Malate 134/116
11,1636.54628423,C13_134.0_116.0,Q. [13C-glc] G7 0min,C4H3O4,Malate 134/116
0,104376.617101,C13_136.0_118.0,T. [13C-glc] G7 30min,C4H3O4,Malate 136/118
1,52586.7628193,C13_136.0_118.0,T. [13C-glc] G7 30min,C4H3O4,Malate 136/118
2,75375.5902443,C13_136.0_118.0,T. [13C-glc] G7 30min,C4H3O4,Malate 136/118
3,49890.5251063,C13_136.0_118.0,T. [13C-glc] G7 30min,C4H3O4,Malate 136/118
4,59423.8568778,C13_136.0_118.0,T. [13C-glc] G7 30min,C4H3O4,Malate 136/118
5,66073.3191843,C13_136.0_118.0,T. [13C-glc] G7 30min,C4H3O4,Malate 136/118
6,0.0,C13_136.0_118.0,Q. [13C-glc] G7 0min,C4H3O4,Malate 136/118
7,0.0,C13_136.0_118.0,Q. [13C-glc] G7 0min,C4H3O4,Malate 136/118
8,0.0,C13_136.0_118.0,Q. [13C-glc] G7 0min,C4H3O4,Malate 136/118
9,0.0,C13_136.0_118.0,Q. [13C-glc] G7 0min,C4H3O4,Malate 136/118
10,1.93406016214,C13_136.0_118.0,Q. [13C-glc] G7 0min,C4H3O4,Malate 136/118
11,0.0,C13_136.0_118.0,Q. [13C-glc] G7 0min,C4H3O4,Malate 136/118
0,20527.6134371,C13_137.0_119.0,T. [13C-glc] G7 30min,C4H3O4,Malate 137/119
1,7116.73953361,C13_137.0_119.0,T. [13C-glc] G7 30min,C4H3O4,Malate 137/119
2,13282.2191566,C13_137.0_119.0,T. [13C-glc] G7 30min,C4H3O4,Malate 137/119
3,7144.35323161,C13_137.0_119.0,T. [13C-glc] G7 30min,C4H3O4,Malate 137/119
4,11271.4391381,C13_137.0_119.0,T. [13C-glc] G7 30min,C4H3O4,Malate 137/119
5,8887.34650561,C13_137.0_119.0,T. [13C-glc] G7 30min,C4H3O4,Malate 137/119
6,0.00521279524881,C13_137.0_119.0,Q. [13C-glc] G7 0min,C4H3O4,Malate 137/119
7,0.00521279524881,C13_137.0_119.0,Q. [13C-glc] G7 0min,C4H3O4,Malate 137/119
8,0.00521279524881,C13_137.0_119.0,Q. [13C-glc] G7 0min,C4H3O4,Malate 137/119
9,0.00521279524881,C13_137.0_119.0,Q. [13C-glc] G7 0min,C4H3O4,Malate 137/119
10,0.0,C13_137.0_119.0,Q. [13C-glc] G7 0min,C4H3O4,Malate 137/119
11,0.00521279524881,C13_137.0_119.0,Q. [13C-glc] G7 0min,C4H3O4,Malate 137/119
0,130212.401782,C13_135.0_117.0,T. [13C-glc] G7 30min,C4H3O4,Malate 135/117
1,65455.2617818,C13_135.0_117.0,T. [13C-glc] G7 30min,C4H3O4,Malate 135/117
2,85574.887446,C13_135.0_117.0,T. [13C-glc] G7 30min,C4H3O4,Malate 135/117
3,63824.226787,C13_135.0_117.0,T. [13C-glc] G7 30min,C4H3O4,Malate 135/117
4,78957.0678285,C13_135.0_117.0,T. [13C-glc] G7 30min,C4H3O4,Malate 135/117
5,83437.318863,C13_135.0_117.0,T. [13C-glc] G7 30min,C4H3O4,Malate 135/117
6,0.0,C13_135.0_117.0,Q. [13C-glc] G7 0min,C4H3O4,Malate 135/117
7,0.0,C13_135.0_117.0,Q. [13C-glc] G7 0min,C4H3O4,Malate 135/117
8,0.0,C13_135.0_117.0,Q. [13C-glc] G7 0min,C4H3O4,Malate 135/117
9,0.0,C13_135.0_117.0,Q. [13C-glc] G7 0min,C4H3O4,Malate 135/117
10,0.0,C13_135.0_117.0,Q. [13C-glc] G7 0min,C4H3O4,Malate 135/117
11,0.0,C13_135.0_117.0,Q. [13C-glc] G7 0min,C4H3O4,Malate 135/117
